
-- phpMyAdmin SQL Dump
-- version 3.5.2.2
-- http://www.phpmyadmin.net
--
-- Servidor: localhost
-- Tiempo de generación: 16-04-2016 a las 22:44:43
-- Versión del servidor: 10.0.22-MariaDB
-- Versión de PHP: 5.2.17

SET SQL_MODE="NO_AUTO_VALUE_ON_ZERO";
SET time_zone = "+00:00";


/*!40101 SET @OLD_CHARACTER_SET_CLIENT=@@CHARACTER_SET_CLIENT */;
/*!40101 SET @OLD_CHARACTER_SET_RESULTS=@@CHARACTER_SET_RESULTS */;
/*!40101 SET @OLD_COLLATION_CONNECTION=@@COLLATION_CONNECTION */;
/*!40101 SET NAMES utf8 */;

--
-- Base de datos: `u902993127_polit`
--

-- --------------------------------------------------------

--
-- Estructura de tabla para la tabla `candidato`
--

CREATE TABLE IF NOT EXISTS `candidato` (
  `id` int(11) NOT NULL AUTO_INCREMENT,
  `nombre` varchar(100) NOT NULL,
  `apellidoP` varchar(100) NOT NULL,
  `apellidoM` varchar(100) NOT NULL,
  `foto` varchar(500) NOT NULL,
  `pagina` varchar(500) NOT NULL,
  PRIMARY KEY (`id`)
) ENGINE=MyISAM  DEFAULT CHARSET=latin1 AUTO_INCREMENT=47 ;

--
-- Volcado de datos para la tabla `candidato`
--

INSERT INTO `candidato` (`id`, `nombre`, `apellidoP`, `apellidoM`, `foto`, `pagina`) VALUES
(1, 'Enrique', 'Peña ', 'Nieto', 'http://armenianwesterproject.hol.es/images/EPN.png', 'http://www.gob.mx/presidencia/estructuras/enrique-pena-nieto'),
(2, 'Ernesto ', 'Zedillo', 'Ponce de León', 'http://armenianwesterproject.hol.es/images/EZP.png', 'http://zedillo.presidencia.gob.mx/pages/pub/4info/bio.html'),
(3, 'Felipe de Jesús', 'Calderón ', 'Hinojosa', 'http://armenianwesterproject.hol.es/images/FCH.png', 'http://calderon.presidencia.gob.mx/oficina-de-la-presidencia/presidente/'),
(4, 'Rafael', 'Moreno ', 'Valle Rosas', 'http://armenianwesterproject.hol.es/images/RMV.png', 'http://www.conago.org.mx/gobernadores/Detalle.aspx?Gobernador=Rafael-Moreno-Valle-Rosas'),
(5, 'Andrés Manuel ', 'López ', 'Obrador', 'http://armenianwesterproject.hol.es/images/AMLO.png', 'http://www.amlo.org.mx/'),
(6, 'Margarita Esther ', 'Zavala ', 'Gómez del Campo', 'http://armenianwesterproject.hol.es/images/MZ.png', 'http://m-zavala.com'),
(7, 'Marcelo Luis', 'Ebrard ', 'Casaubón ', 'http://armenianwesterproject.hol.es/images/ME.png', 'http://www.marceloebrard.com.mx/'),
(8, 'Carlos', 'Lozano', 'de la Torre', 'http://armenianwesterproject.hol.es/images/id8.png', 'http://www.conago.org.mx/Gobernadores/Detalle.aspx?Gobernador=Carlos-Lozano-de-la-Torre'),
(9, 'Francisco Arturo', 'Vega', 'de Lamadrid', 'http://armenianwesterproject.hol.es/images/id9.png', 'http://www.conago.org.mx/Gobernadores/Detalle.aspx?Gobernador=Francisco-Arturo-Vega-de-Lamadrid'),
(10, 'Carlos', 'Mendoza', 'Davis', 'http://armenianwesterproject.hol.es/images/id10.png', 'http://www.conago.org.mx/Gobernadores/Detalle.aspx?Gobernador=Carlos-Mendoza-Davis'),
(11, 'Rafael Alejandro', 'Moreno', 'Cárdenas', 'http://armenianwesterproject.hol.es/images/id11.png', 'http://www.conago.org.mx/Gobernadores/Detalle.aspx?Gobernador=Rafael-Alejandro-Moreno-Cardenas'),
(12, 'Carlos', 'Mendoza', 'Davis', 'http://armenianwesterproject.hol.es/images/id12.png', 'http://www.conago.org.mx/Gobernadores/Detalle.aspx?Gobernador=Carlos-Mendoza-Davis'),
(13, 'César Horacio', 'Duarte', 'Jáquez', 'http://armenianwesterproject.hol.es/images/id13.png', 'http://www.conago.org.mx/Gobernadores/Detalle.aspx?Gobernador=Cesar-Horacio-Duarte-Jaquez'),
(14, 'Miguel Ángel', 'Mancera', 'Espinosa', 'http://armenianwesterproject.hol.es/images/id14.png', 'http://www.conago.org.mx/Gobernadores/Detalle.aspx?Gobernador=Miguel-Angel-Mancera-Espinosa'),
(15, 'Rubén Ignacio', 'Moreira', 'Valdez', 'http://armenianwesterproject.hol.es/images/id15.png', 'http://www.conago.org.mx/Gobernadores/Detalle.aspx?Gobernador=Ruben-Ignacio-Moreira-Valdez'),
(16, 'José Ignacio', 'Peralta', 'Sanchez', 'http://armenianwesterproject.hol.es/images/id16.png', 'http://www.conago.org.mx/Gobernadores/Detalle.aspx?Gobernador=Jose-Ignacio-Peralta-Sanchez'),
(17, 'Jorge', 'Herrera', 'Caldera', 'http://armenianwesterproject.hol.es/images/id17.png', 'http://www.conago.org.mx/Gobernadores/Detalle.aspx?Gobernador=Jorge-Herrera-Caldera'),
(18, 'Eruviel', 'Ávila', 'Villegas', 'http://armenianwesterproject.hol.es/images/id18.png', 'http://www.conago.org.mx/Gobernadores/Detalle.aspx?Gobernador=Eruviel-Avila-Villegas'),
(19, 'Miguel', 'Márquez', 'Márquez', 'http://armenianwesterproject.hol.es/images/id19.png', 'http://www.conago.org.mx/Gobernadores/Detalle.aspx?Gobernador=Miguel-Marquez-Marquez'),
(20, 'Héctor Antonio', 'Astudillo', 'Flores', 'http://armenianwesterproject.hol.es/images/id20.png', 'http://www.conago.org.mx/Gobernadores/Detalle.aspx?Gobernador=Hector-Antonio-Astudillo-Flores'),
(21, 'José Francisco', 'Olvera', 'Ruiz', 'http://armenianwesterproject.hol.es/images/id21.png', 'http://www.conago.org.mx/Gobernadores/Detalle.aspx?Gobernador=Jose-Francisco-Olvera-Ruiz'),
(22, 'Jorge Aristóteles', 'Sandoval', 'Díaz', 'http://armenianwesterproject.hol.es/images/id22.png', 'http://www.conago.org.mx/Gobernadores/Detalle.aspx?Gobernador=Jorge-Aristoteles-Sandoval-Diaz'),
(23, 'Silvano', 'Aureoles', 'Conejo', 'http://armenianwesterproject.hol.es/images/id23.png', 'http://www.conago.org.mx/Gobernadores/Detalle.aspx?Gobernador=Silvano-Aureoles-Conejo'),
(24, 'C. Graco Luis', 'Ramírez', 'Garrido Abreu', 'http://armenianwesterproject.hol.es/images/id24.png', 'http://www.conago.org.mx/Gobernadores/Detalle.aspx?Gobernador=Graco-Luis-Ramirez-Garrido-Abreu'),
(25, 'Roberto', 'Sandoval', 'Castañeda', 'http://armenianwesterproject.hol.es/images/id25.png', 'http://www.conago.org.mx/Gobernadores/Detalle.aspx?Gobernador=Roberto-Sandoval-Castaneda'),
(26, 'Jaime Heliodoro', 'Rodríguez', 'Calderón', 'http://armenianwesterproject.hol.es/images/id26.png', 'http://www.conago.org.mx/Gobernadores/Detalle.aspx?Gobernador=Jaime-Heliodoro-Rodriguez-Calderon'),
(27, 'Gabino', 'Cué', 'Monteagudo', 'http://armenianwesterproject.hol.es/images/id27.png', 'http://www.conago.org.mx/Gobernadores/Detalle.aspx?Gobernador=Gabino-Cue-Monteagudo'),
(28, 'Rafael', 'Moreno Valle', 'Rosas', 'http://armenianwesterproject.hol.es/images/id28.png', 'http://www.conago.org.mx/Gobernadores/Detalle.aspx?Gobernador=Rafael-Moreno-Valle-Rosas'),
(29, 'Francisco', 'Domínguez', 'Servién', 'http://armenianwesterproject.hol.es/images/id29.png', 'http://www.conago.org.mx/Gobernadores/Detalle.aspx?Gobernador=Francisco-Dominguez-Servien'),
(30, 'Roberto', 'Borge', 'Angulo', 'http://armenianwesterproject.hol.es/images/id30.png', 'http://www.conago.org.mx/Gobernadores/Detalle.aspx?Gobernador=Roberto-Borge-Angulo'),
(31, 'Juan Manuel', 'Carreras', 'López', 'http://armenianwesterproject.hol.es/images/id31.png', 'http://www.conago.org.mx/Gobernadores/Detalle.aspx?Gobernador=Juan-Manuel-Carreras-Lopez'),
(32, 'Mario', 'López', 'Valdez', 'http://armenianwesterproject.hol.es/images/id32.png', 'http://www.conago.org.mx/Gobernadores/Detalle.aspx?Gobernador=Mario-Lopez-Valdez'),
(33, 'Claudia Artemiza', 'Pavlovich', 'Arellano', 'http://armenianwesterproject.hol.es/images/id33.png', 'http://www.conago.org.mx/Gobernadores/Detalle.aspx?Gobernador=Claudia-Artemiza-Pavlovich-Arellano'),
(34, 'Arturo', 'Núñez', 'Jiménez', 'http://armenianwesterproject.hol.es/images/id34.png', 'http://www.conago.org.mx/Gobernadores/Detalle.aspx?Gobernador=Arturo-Nunez-Jimenez'),
(35, 'Egidio', 'Torre', 'Cantú', 'http://armenianwesterproject.hol.es/images/id35.png', 'http://www.conago.org.mx/Gobernadores/Detalle.aspx?Gobernador=Egidio-Torre-Cantu'),
(36, 'Mariano', 'González', 'Zarur', 'http://armenianwesterproject.hol.es/images/id36.png', 'http://www.conago.org.mx/Gobernadores/Detalle.aspx?Gobernador=Mariano-Gonzalez-Zarur'),
(37, 'Javier', 'Duarte', 'Ochoa', 'http://armenianwesterproject.hol.es/images/id37.png', 'http://www.conago.org.mx/Gobernadores/Detalle.aspx?Gobernador=Javier-Duarte-de-Ochoa'),
(38, 'Rolando Rodrigo', 'Zapata', 'Bello', 'http://armenianwesterproject.hol.es/images/id38.png', 'http://www.conago.org.mx/Gobernadores/Detalle.aspx?Gobernador=Rolando-Rodrigo-Zapata-Bello'),
(39, 'Miguel Alejandro', 'Alonso', 'Reyes', 'http://armenianwesterproject.hol.es/images/id39.png', 'http://www.conago.org.mx/Gobernadores/Detalle.aspx?Gobernador=Miguel-Alejandro-Alonso-Reyes'),
(40, 'José Antonio', 'Galy', 'Fayad', 'http://www.alcaldesdemexico.com/wp-content/uploads/2015/10/Jose-Antonio-Gali-Fayad.png', 'http://archivo.e-consulta.com/blogs/corte/?tag=jose-antonio-gali-fayad'),
(41, 'Leoncio', 'Paisano', 'Arias', 'http://www.retodiario.com/sad/imagenes/banco/grandes/37361.png', 'http://www.e-consulta.com/tags/leoncio-paisano-arias'),
(42, 'Lorenzo', 'Reyes', 'Mariano', 'http://aweavercodes.com/Content/images/upload/no-img.png', 'http://auditoriapuebla.gob.mx/sujetos-de-revision/cuentas-publicas/ayuntamientos/item/lorenzo-reyes-mariano'),
(43, 'Willbert Fernando', 'Nuñes', 'Cortazar', 'http://aweavercodes.com/Content/images/upload/no-img.png', 'https://www.facebook.com/wincort?ref=ts&fref=ts'),
(44, 'Jose Oscar', 'Aguilar', 'Gonzáles', 'http://www.retodiario.com/sad/imagenes/banco/grandes/47753.png', 'http://sitl.diputados.gob.mx/LXI_leg/curricula.php?dipt=212'),
(45, 'José Alberto', 'Gonzales', 'Morales', '', 'http://sitl.diputados.gob.mx/LXI_leg/curricula.php?dipt=215'),
(46, 'Janet Graciela', 'Gónzales', 'Tostado', '', 'http://sitl.diputados.gob.mx/LXI_leg/curricula.php?dipt=213');

-- --------------------------------------------------------

--
-- Estructura de tabla para la tabla `candidatura`
--

CREATE TABLE IF NOT EXISTS `candidatura` (
  `id` int(11) NOT NULL AUTO_INCREMENT,
  `id_candidato` int(11) NOT NULL,
  `id_cargo` int(11) NOT NULL,
  `id_periodo` int(11) NOT NULL,
  `id_partido` int(11) NOT NULL,
  `id_distrito` int(11) DEFAULT NULL,
  `elegido` tinyint(1) NOT NULL,
  `vigencia` tinyint(1) NOT NULL,
  PRIMARY KEY (`id`,`id_candidato`,`id_cargo`,`id_periodo`,`id_partido`),
  KEY `id_candidato` (`id_candidato`),
  KEY `id_cargo` (`id_cargo`),
  KEY `id_periodo` (`id_periodo`),
  KEY `id_partido` (`id_partido`)
) ENGINE=MyISAM  DEFAULT CHARSET=latin1 AUTO_INCREMENT=52 ;

--
-- Volcado de datos para la tabla `candidatura`
--

INSERT INTO `candidatura` (`id`, `id_candidato`, `id_cargo`, `id_periodo`, `id_partido`, `id_distrito`, `elegido`, `vigencia`) VALUES
(1, 1, 1, 4, 1, NULL, 1, 1),
(2, 3, 1, 3, 3, NULL, 1, 0),
(3, 4, 2, 6, 3, 2769, 1, 1),
(4, 5, 1, 4, 7, NULL, 0, 0),
(5, 5, 1, 5, 6, NULL, 0, 0),
(6, 6, 1, 5, 3, NULL, 0, 0),
(7, 7, 1, 5, 5, NULL, 0, 0),
(8, 8, 2, 7, 1, 42, 1, 1),
(9, 9, 2, 8, 3, 15, 1, 1),
(10, 10, 2, 9, 3, 66, 1, 1),
(11, 11, 2, 9, 1, NULL, 1, 1),
(12, 12, 2, 9, 3, NULL, 1, 1),
(13, 13, 2, 7, 1, NULL, 1, 1),
(14, 14, 2, 4, 5, NULL, 1, 1),
(15, 15, 2, 6, 1, NULL, 1, 1),
(16, 16, 2, 10, 1, NULL, 1, 1),
(17, 17, 2, 7, 1, NULL, 1, 1),
(18, 18, 2, 6, 1, NULL, 1, 1),
(19, 19, 2, 4, 3, NULL, 1, 1),
(20, 20, 2, 9, 1, NULL, 1, 1),
(21, 21, 2, 6, 1, NULL, 1, 1),
(22, 22, 2, 8, 1, NULL, 1, 1),
(23, 23, 2, 9, 5, NULL, 1, 1),
(24, 24, 2, 4, 5, NULL, 1, 1),
(25, 25, 2, 6, 1, NULL, 1, 1),
(26, 26, 2, 9, 12, NULL, 1, 1),
(27, 27, 2, 9, 8, NULL, 1, 1),
(28, 28, 2, 6, 5, NULL, 1, 1),
(29, 29, 2, 9, 3, NULL, 1, 1),
(30, 30, 2, 6, 1, NULL, 1, 1),
(31, 31, 2, 9, 1, NULL, 1, 1),
(32, 32, 2, 7, 1, NULL, 1, 1),
(33, 33, 2, 10, 1, NULL, 1, 1),
(34, 34, 2, 4, 5, NULL, 1, 1),
(35, 35, 2, 7, 1, NULL, 1, 1),
(36, 36, 2, 6, 1, NULL, 1, 1),
(37, 37, 2, 7, 1, NULL, 1, 1),
(38, 38, 2, 4, 1, NULL, 1, 1),
(39, 39, 2, 7, 1, NULL, 1, 1),
(40, 40, 3, 4, 9, 115, 1, 1),
(41, 41, 3, 4, 13, 120, 1, 1),
(42, 42, 3, 4, 1, 155, 1, 1),
(43, 43, 3, 4, 12, 40, 0, 0),
(44, 40, 3, 4, 9, 115, 1, 1),
(45, 41, 3, 4, 13, 120, 1, 1),
(46, 42, 3, 4, 1, 155, 1, 1),
(47, 43, 3, 4, 12, 40, 0, 0),
(48, 44, 4, 11, 1, 20, 1, 1),
(49, 44, 4, 11, 1, 120, 1, 1),
(50, 46, 4, 11, 1, 24, 1, 1),
(51, 43, 4, 11, 12, 20, 0, 0);

-- --------------------------------------------------------

--
-- Estructura de tabla para la tabla `cargo`
--

CREATE TABLE IF NOT EXISTS `cargo` (
  `id` int(11) NOT NULL AUTO_INCREMENT,
  `nombre` varchar(200) NOT NULL,
  PRIMARY KEY (`id`)
) ENGINE=MyISAM  DEFAULT CHARSET=latin1 AUTO_INCREMENT=7 ;

--
-- Volcado de datos para la tabla `cargo`
--

INSERT INTO `cargo` (`id`, `nombre`) VALUES
(1, 'Presidente'),
(2, 'Gobernador'),
(3, 'PresidenteMunicipal'),
(4, 'Diputado');

-- --------------------------------------------------------

--
-- Estructura de tabla para la tabla `distritos`
--

CREATE TABLE IF NOT EXISTS `distritos` (
  `id` int(11) NOT NULL,
  `nombre` varchar(250) NOT NULL,
  `estado` int(11) NOT NULL,
  `municipio` int(11) NOT NULL,
  `inicio` int(11) NOT NULL,
  `fin` int(11) NOT NULL,
  `distrito` int(11) NOT NULL,
  KEY `municipio` (`estado`)
) ENGINE=MyISAM DEFAULT CHARSET=latin1;

--
-- Volcado de datos para la tabla `distritos`
--

INSERT INTO `distritos` (`id`, `nombre`, `estado`, `municipio`, `inicio`, `fin`, `distrito`) VALUES
(0, 'ENSENADA', 2, 1, 15, 35, 3),
(1, 'ENSENADA', 2, 1, 36, 36, 7),
(2, 'ENSENADA', 2, 1, 37, 59, 3),
(3, 'ENSENADA', 2, 1, 60, 62, 7),
(4, 'ENSENADA', 2, 1, 63, 78, 3),
(5, 'ENSENADA', 2, 1, 79, 84, 7),
(6, 'ENSENADA', 2, 1, 85, 91, 3),
(7, 'ENSENADA', 2, 1, 92, 102, 7),
(8, 'ENSENADA', 2, 1, 103, 106, 3),
(9, 'ENSENADA', 2, 1, 107, 109, 7),
(10, 'ENSENADA', 2, 1, 110, 127, 3),
(11, 'ENSENADA', 2, 1, 128, 129, 7),
(12, 'ENSENADA', 2, 1, 130, 168, 3),
(13, 'ENSENADA', 2, 1, 169, 172, 7),
(14, 'ENSENADA', 2, 1, 173, 204, 3),
(15, 'ENSENADA', 2, 1, 206, 210, 3),
(16, 'MEXICALI', 2, 2, 211, 212, 7),
(17, 'MEXICALI', 2, 2, 213, 232, 2),
(18, 'MEXICALI', 2, 2, 233, 236, 7),
(19, 'MEXICALI', 2, 2, 237, 251, 2),
(20, 'MEXICALI', 2, 2, 252, 257, 7),
(21, 'MEXICALI', 2, 2, 258, 279, 2),
(22, 'MEXICALI', 2, 2, 280, 284, 7),
(23, 'MEXICALI', 2, 2, 285, 304, 2),
(24, 'MEXICALI', 2, 2, 305, 308, 7),
(25, 'MEXICALI', 2, 2, 309, 318, 2),
(26, 'MEXICALI', 2, 2, 319, 321, 1),
(27, 'MEXICALI', 2, 2, 322, 323, 7),
(28, 'MEXICALI', 2, 2, 324, 326, 2),
(29, 'MEXICALI', 2, 2, 327, 337, 7),
(30, 'MEXICALI', 2, 2, 338, 342, 1),
(31, 'MEXICALI', 2, 2, 343, 357, 7),
(32, 'MEXICALI', 2, 2, 358, 368, 1),
(33, 'MEXICALI', 2, 2, 369, 450, 2),
(34, 'MEXICALI', 2, 2, 451, 451, 1),
(35, 'MEXICALI', 2, 2, 452, 458, 2),
(36, 'MEXICALI', 2, 2, 459, 459, 1),
(37, 'MEXICALI', 2, 2, 460, 462, 2),
(38, 'MEXICALI', 2, 2, 463, 468, 1),
(39, 'MEXICALI', 2, 2, 469, 470, 2),
(40, 'MEXICALI', 2, 2, 471, 516, 1),
(41, 'MEXICALI', 2, 2, 517, 547, 7),
(42, 'MEXICALI', 2, 2, 548, 564, 2),
(43, 'MEXICALI', 2, 2, 565, 568, 7),
(44, 'MEXICALI', 2, 2, 569, 571, 1),
(45, 'MEXICALI', 2, 2, 572, 579, 2),
(46, 'MEXICALI', 2, 2, 580, 582, 1),
(47, 'MEXICALI', 2, 2, 583, 586, 2),
(48, 'MEXICALI', 2, 2, 587, 671, 1),
(49, 'MEXICALI', 2, 2, 672, 672, 7),
(50, 'MEXICALI', 2, 2, 673, 680, 1),
(51, 'MEXICALI', 2, 2, 681, 687, 2),
(52, 'MEXICALI', 2, 2, 688, 691, 1),
(53, 'MEXICALI', 2, 2, 692, 692, 7),
(54, 'MEXICALI', 2, 2, 693, 693, 1),
(55, 'TECATE', 2, 3, 694, 734, 7),
(56, 'TIJUANA', 2, 4, 735, 867, 6),
(57, 'TIJUANA', 2, 4, 868, 887, 5),
(58, 'TIJUANA', 2, 4, 888, 899, 6),
(59, 'TIJUANA', 2, 4, 900, 901, 5),
(60, 'TIJUANA', 2, 4, 902, 926, 6),
(61, 'TIJUANA', 2, 4, 927, 943, 5),
(62, 'TIJUANA', 2, 4, 944, 956, 6),
(63, 'TIJUANA', 2, 4, 957, 965, 5),
(64, 'TIJUANA', 2, 4, 966, 969, 8),
(65, 'TIJUANA', 2, 4, 970, 976, 5),
(66, 'TIJUANA', 2, 4, 977, 998, 6),
(67, 'TIJUANA', 2, 4, 999, 999, 5),
(68, 'TIJUANA', 2, 4, 1000, 1013, 8),
(69, 'TIJUANA', 2, 4, 1014, 1016, 5),
(70, 'TIJUANA', 2, 4, 1017, 1018, 6),
(71, 'TIJUANA', 2, 4, 1019, 1022, 5),
(72, 'TIJUANA', 2, 4, 1023, 1024, 6),
(73, 'TIJUANA', 2, 4, 1025, 1025, 5),
(74, 'TIJUANA', 2, 4, 1026, 1029, 6),
(75, 'TIJUANA', 2, 4, 1030, 1030, 5),
(76, 'TIJUANA', 2, 4, 1031, 1037, 8),
(77, 'TIJUANA', 2, 4, 1038, 1048, 5),
(78, 'TIJUANA', 2, 4, 1049, 1050, 4),
(79, 'TIJUANA', 2, 4, 1051, 1119, 5),
(80, 'TIJUANA', 2, 4, 1120, 1121, 4),
(81, 'TIJUANA', 2, 4, 1122, 1123, 5),
(82, 'TIJUANA', 2, 4, 1124, 1127, 4),
(83, 'TIJUANA', 2, 4, 1128, 1140, 5),
(84, 'TIJUANA', 2, 4, 1141, 1149, 4),
(85, 'TIJUANA', 2, 4, 1150, 1150, 5),
(86, 'TIJUANA', 2, 4, 1151, 1156, 4),
(87, 'TIJUANA', 2, 4, 1158, 1164, 4),
(88, 'TIJUANA', 2, 4, 1165, 1170, 8),
(89, 'TIJUANA', 2, 4, 1171, 1188, 4),
(90, 'TIJUANA', 2, 4, 1189, 1193, 8),
(91, 'PLAYAS DE ROSARITO', 2, 5, 1194, 1194, 8),
(92, 'TIJUANA', 2, 4, 1195, 1214, 8),
(93, 'TIJUANA', 2, 4, 1215, 1220, 4),
(94, 'TIJUANA', 2, 4, 1221, 1228, 8),
(95, 'TIJUANA', 2, 4, 1229, 1230, 4),
(96, 'TIJUANA', 2, 4, 1231, 1244, 8),
(97, 'TIJUANA', 2, 4, 1245, 1258, 6),
(98, 'PLAYAS DE ROSARITO', 2, 5, 1259, 1273, 8),
(99, 'TIJUANA', 2, 4, 1274, 1277, 8),
(100, 'TIJUANA', 2, 4, 1278, 1279, 4),
(101, 'TIJUANA', 2, 4, 1281, 1282, 4),
(102, 'TIJUANA', 2, 4, 1283, 1289, 8),
(103, 'PLAYAS DE ROSARITO', 2, 5, 1290, 1291, 8),
(104, 'TIJUANA', 2, 4, 1293, 1294, 8),
(105, 'PLAYAS DE ROSARITO', 2, 5, 1295, 1295, 8),
(106, 'PLAYAS DE ROSARITO', 2, 5, 1297, 1298, 8),
(107, 'TIJUANA', 2, 4, 1299, 1331, 5),
(108, 'TIJUANA', 2, 4, 1332, 1335, 4),
(109, 'TIJUANA', 2, 4, 1336, 1336, 8),
(110, 'TIJUANA', 2, 4, 1337, 1339, 4),
(111, 'TIJUANA', 2, 4, 1340, 1353, 8),
(112, 'TIJUANA', 2, 4, 1355, 1357, 8),
(113, 'TIJUANA', 2, 4, 1358, 1362, 6),
(114, 'PLAYAS DE ROSARITO', 2, 5, 1363, 1367, 8),
(115, 'TIJUANA', 2, 4, 1368, 1369, 8),
(116, 'PLAYAS DE ROSARITO', 2, 5, 1370, 1370, 8),
(117, 'TIJUANA', 2, 4, 1371, 1483, 4),
(118, 'TIJUANA', 2, 4, 1484, 1525, 6),
(119, 'COMONDU', 3, 1, 1, 64, 1),
(120, 'COMONDU', 3, 1, 66, 74, 1),
(121, 'MULEGE', 3, 2, 75, 99, 1),
(122, 'MULEGE', 3, 2, 101, 105, 1),
(123, 'MULEGE', 3, 2, 107, 120, 1),
(124, 'LA PAZ', 3, 3, 121, 183, 2),
(125, 'LA PAZ', 3, 3, 184, 187, 1),
(126, 'LA PAZ', 3, 3, 188, 189, 2),
(127, 'LA PAZ', 3, 3, 190, 191, 1),
(128, 'LA PAZ', 3, 3, 192, 206, 2),
(129, 'LA PAZ', 3, 3, 207, 247, 1),
(130, 'LA PAZ', 3, 3, 248, 251, 2),
(131, 'LA PAZ', 3, 3, 252, 253, 1),
(132, 'LA PAZ', 3, 3, 254, 254, 2),
(133, 'LA PAZ', 3, 3, 255, 267, 1),
(134, 'LA PAZ', 3, 3, 268, 273, 2),
(135, 'LA PAZ', 3, 3, 274, 274, 1),
(136, 'LA PAZ', 3, 3, 275, 287, 2),
(137, 'LA PAZ', 3, 3, 288, 289, 1),
(138, 'LOS CABOS', 3, 4, 290, 300, 2),
(139, 'LOS CABOS', 3, 4, 302, 329, 2),
(140, 'LOS CABOS', 3, 4, 331, 336, 2),
(141, 'LORETO', 3, 5, 337, 347, 1),
(142, 'LA PAZ', 3, 3, 348, 350, 1),
(143, 'LOS CABOS', 3, 4, 351, 439, 2),
(144, 'CAMPECHE', 4, 1, 1, 146, 1),
(145, 'CALKINI', 4, 2, 147, 182, 1),
(146, 'CARMEN', 4, 3, 183, 237, 2),
(147, 'CARMEN', 4, 3, 239, 272, 2),
(148, 'CANDELARIA', 4, 10, 273, 283, 2),
(149, 'CARMEN', 4, 3, 284, 284, 2),
(150, 'AGUASCALIENTES', 1, 1, 1, 41, 3),
(151, 'AGUASCALIENTES', 1, 1, 42, 43, 2),
(152, 'AGUASCALIENTES', 1, 1, 44, 56, 3),
(153, 'AGUASCALIENTES', 1, 1, 57, 58, 2),
(154, 'AGUASCALIENTES', 1, 1, 59, 62, 3),
(155, 'AGUASCALIENTES', 1, 1, 63, 97, 2),
(156, 'AGUASCALIENTES', 1, 1, 99, 160, 2),
(157, 'AGUASCALIENTES', 1, 1, 161, 163, 3),
(158, 'AGUASCALIENTES', 1, 1, 164, 165, 2),
(159, 'AGUASCALIENTES', 1, 1, 167, 170, 2),
(160, 'AGUASCALIENTES', 1, 1, 171, 184, 3),
(161, 'AGUASCALIENTES', 1, 1, 185, 186, 2),
(162, 'AGUASCALIENTES', 1, 1, 187, 314, 3),
(163, 'AGUASCALIENTES', 1, 1, 315, 318, 2),
(164, 'AGUASCALIENTES', 1, 1, 320, 322, 3),
(165, 'AGUASCALIENTES', 1, 1, 323, 325, 2),
(166, 'AGUASCALIENTES', 1, 1, 326, 331, 3),
(167, 'AGUASCALIENTES', 1, 1, 332, 332, 2),
(168, 'AGUASCALIENTES', 1, 1, 333, 337, 3),
(169, 'ASIENTOS', 1, 2, 338, 354, 1),
(170, 'CALVILLO', 1, 3, 355, 386, 1),
(171, 'COSIO', 1, 4, 387, 391, 1),
(172, 'JESUS MARIA', 1, 5, 392, 403, 1),
(173, 'SAN FRANCISCO DE LOS ROMO', 1, 10, 404, 404, 1),
(174, 'JESUS MARIA', 1, 5, 405, 414, 1),
(175, 'PABELLON DE ARTEAGA', 1, 6, 415, 430, 1),
(176, 'RINCON DE ROMOS', 1, 7, 431, 451, 1),
(177, 'SAN JOSE DE GRACIA', 1, 8, 452, 459, 1),
(178, 'TEPEZALA', 1, 9, 460, 469, 1),
(179, 'SAN FRANCISCO DE LOS ROMO', 1, 10, 470, 478, 1),
(180, 'EL LLANO', 1, 11, 479, 486, 1),
(181, 'PABELLON DE ARTEAGA', 1, 6, 488, 488, 1),
(182, 'AGUASCALIENTES', 1, 1, 489, 593, 2),
(183, 'ENSENADA', 2, 1, 1, 11, 3),
(184, 'ENSENADA', 2, 1, 12, 14, 7),
(185, 'CANDELARIA', 4, 10, 285, 302, 2),
(186, 'CHAMPOTON', 4, 4, 303, 355, 2),
(187, 'ESCARCEGA', 4, 9, 356, 358, 2),
(188, 'CHAMPOTON', 4, 4, 359, 360, 2),
(189, 'ESCARCEGA', 4, 9, 361, 361, 2),
(190, 'CHAMPOTON', 4, 4, 362, 362, 2),
(191, 'HECELCHAKAN', 4, 5, 363, 380, 1),
(192, 'HOPELCHEN', 4, 6, 381, 427, 1),
(193, 'PALIZADA', 4, 7, 428, 437, 2),
(194, 'PALIZADA', 4, 7, 439, 439, 2),
(195, 'TENABO', 4, 8, 440, 447, 1),
(196, 'ESCARCEGA', 4, 9, 448, 471, 2),
(197, 'CARMEN', 4, 3, 472, 474, 2),
(198, 'ESCARCEGA', 4, 9, 475, 477, 2),
(199, 'CARMEN', 4, 3, 478, 479, 2),
(200, 'ESCARCEGA', 4, 9, 480, 482, 2),
(201, 'CARMEN', 4, 3, 483, 484, 2),
(202, 'ESCARCEGA', 4, 9, 485, 485, 2),
(203, 'CARMEN', 4, 3, 486, 488, 2),
(204, 'ESCARCEGA', 4, 9, 489, 489, 2),
(205, 'CANDELARIA', 4, 10, 490, 490, 2),
(206, 'ABASOLO', 5, 1, 1, 2, 3),
(207, 'ACUÑA', 5, 2, 3, 37, 1),
(208, 'ACUÑA', 5, 2, 40, 41, 1),
(209, 'ALLENDE', 5, 3, 42, 56, 1),
(210, 'ARTEAGA', 5, 4, 57, 80, 3),
(211, 'CANDELA', 5, 5, 81, 83, 3),
(212, 'CASTAÑOS', 5, 6, 84, 94, 3),
(213, 'CASTAÑOS', 5, 6, 96, 99, 3),
(214, 'CASTAÑOS', 5, 6, 101, 109, 3),
(215, 'CUATROCIENEGAS', 5, 7, 110, 119, 2),
(216, 'CUATROCIENEGAS', 5, 7, 121, 126, 2),
(217, 'ESCOBEDO', 5, 8, 127, 130, 3),
(218, 'FRANCISCO I. MADERO', 5, 9, 131, 172, 2),
(219, 'FRONTERA', 5, 10, 173, 213, 2),
(220, 'GENERAL CEPEDA', 5, 11, 214, 231, 3),
(221, 'GUERRERO', 5, 12, 233, 237, 1),
(222, 'HIDALGO', 5, 13, 238, 239, 1),
(223, 'JIMENEZ', 5, 14, 240, 249, 1),
(224, 'JUAREZ', 5, 15, 250, 254, 3),
(225, 'LAMADRID', 5, 16, 255, 256, 2),
(226, 'MATAMOROS', 5, 17, 257, 318, 5),
(227, 'MONCLOVA', 5, 18, 319, 443, 3),
(228, 'MORELOS', 5, 19, 444, 449, 1),
(229, 'MUZQUIZ', 5, 20, 450, 470, 2),
(230, 'MUZQUIZ', 5, 20, 473, 499, 2),
(231, 'NADADORES', 5, 21, 500, 507, 2),
(232, 'NAVA', 5, 22, 508, 523, 1),
(233, 'NAVA', 5, 22, 525, 525, 1),
(234, 'OCAMPO', 5, 23, 526, 540, 2),
(235, 'PARRAS', 5, 24, 542, 571, 5),
(236, 'PARRAS', 5, 24, 573, 576, 5),
(237, 'PIEDRAS NEGRAS', 5, 25, 577, 610, 1),
(238, 'PIEDRAS NEGRAS', 5, 25, 612, 644, 1),
(239, 'PROGRESO', 5, 26, 645, 650, 3),
(240, 'RAMOS ARIZPE', 5, 27, 652, 690, 3),
(241, 'SABINAS', 5, 28, 691, 727, 3),
(242, 'SACRAMENTO', 5, 29, 728, 729, 3),
(243, 'SALTILLO', 5, 30, 730, 753, 7),
(244, 'SALTILLO', 5, 30, 754, 757, 4),
(245, 'SALTILLO', 5, 30, 758, 775, 7),
(246, 'SALTILLO', 5, 30, 776, 777, 4),
(247, 'SALTILLO', 5, 30, 778, 799, 7),
(248, 'SALTILLO', 5, 30, 800, 801, 4),
(249, 'SALTILLO', 5, 30, 802, 829, 7),
(250, 'SALTILLO', 5, 30, 830, 838, 4),
(251, 'SALTILLO', 5, 30, 839, 839, 7),
(252, 'SALTILLO', 5, 30, 840, 840, 4),
(253, 'SALTILLO', 5, 30, 841, 861, 7),
(254, 'SALTILLO', 5, 30, 862, 874, 4),
(255, 'SALTILLO', 5, 30, 875, 875, 7),
(256, 'SALTILLO', 5, 30, 876, 877, 4),
(257, 'SALTILLO', 5, 30, 878, 878, 7),
(258, 'SALTILLO', 5, 30, 879, 879, 4),
(259, 'SALTILLO', 5, 30, 880, 893, 7),
(260, 'SALTILLO', 5, 30, 894, 918, 4),
(261, 'SALTILLO', 5, 30, 919, 930, 7),
(262, 'SALTILLO', 5, 30, 931, 964, 4),
(263, 'SALTILLO', 5, 30, 965, 971, 7),
(264, 'SALTILLO', 5, 30, 972, 986, 4),
(265, 'SALTILLO', 5, 30, 987, 987, 7),
(266, 'SALTILLO', 5, 30, 988, 999, 4),
(267, 'SALTILLO', 5, 30, 1000, 1004, 7),
(268, 'SALTILLO', 5, 30, 1005, 1006, 4),
(269, 'SALTILLO', 5, 30, 1007, 1011, 7),
(270, 'SALTILLO', 5, 30, 1012, 1016, 4),
(271, 'SALTILLO', 5, 30, 1017, 1020, 7),
(272, 'SALTILLO', 5, 30, 1021, 1022, 4),
(273, 'SALTILLO', 5, 30, 1023, 1025, 7),
(274, 'SALTILLO', 5, 30, 1026, 1029, 4),
(275, 'SALTILLO', 5, 30, 1030, 1032, 7),
(276, 'SALTILLO', 5, 30, 1033, 1034, 4),
(277, 'SALTILLO', 5, 30, 1035, 1035, 7),
(278, 'SALTILLO', 5, 30, 1036, 1039, 4),
(279, 'SAN BUENAVENTURA', 5, 31, 1040, 1052, 2),
(280, 'SAN BUENAVENTURA', 5, 31, 1054, 1057, 2),
(281, 'SAN JUAN DE SABINAS', 5, 32, 1058, 1090, 2),
(282, 'SAN PEDRO', 5, 33, 1091, 1165, 2),
(283, 'SIERRA MOJADA', 5, 34, 1166, 1171, 2),
(284, 'TORREON', 5, 35, 1172, 1214, 6),
(285, 'TORREON', 5, 35, 1215, 1215, 5),
(286, 'TORREON', 5, 35, 1216, 1217, 6),
(287, 'TORREON', 5, 35, 1218, 1219, 5),
(288, 'TORREON', 5, 35, 1220, 1224, 6),
(289, 'TORREON', 5, 35, 1225, 1236, 5),
(290, 'TORREON', 5, 35, 1237, 1239, 6),
(291, 'TORREON', 5, 35, 1240, 1309, 5),
(292, 'TORREON', 5, 35, 1310, 1408, 6),
(293, 'TORREON', 5, 35, 1410, 1410, 5),
(294, 'TORREON', 5, 35, 1412, 1459, 5),
(295, 'TORREON', 5, 35, 1460, 1467, 6),
(296, 'TORREON', 5, 35, 1468, 1474, 5),
(297, 'VIESCA', 5, 36, 1475, 1486, 5),
(298, 'VIESCA', 5, 36, 1488, 1497, 5),
(299, 'VILLA UNION', 5, 37, 1498, 1505, 1),
(300, 'ZARAGOZA', 5, 38, 1506, 1513, 1),
(301, 'ZARAGOZA', 5, 38, 1515, 1518, 1),
(302, 'ZARAGOZA', 5, 38, 1520, 1520, 1),
(303, 'TORREON', 5, 35, 1521, 1547, 6),
(304, 'PIEDRAS NEGRAS', 5, 25, 1548, 1567, 1),
(305, 'CASTAÑOS', 5, 6, 1568, 1570, 3),
(306, 'TORREON', 5, 35, 1571, 1610, 5),
(307, 'COLIMA', 6, 1, 1, 91, 1),
(308, 'COMALA', 6, 2, 92, 104, 1),
(309, 'COQUIMATLAN', 6, 3, 105, 119, 1),
(310, 'CUAUHTEMOC', 6, 4, 120, 137, 1),
(311, 'VILLA DE ALVAREZ', 6, 5, 138, 162, 1),
(312, 'VILLA DE ALVAREZ', 6, 5, 164, 169, 1),
(313, 'ARMERIA', 6, 6, 170, 190, 2),
(314, 'IXTLAHUACAN', 6, 7, 191, 199, 1),
(315, 'MANZANILLO', 6, 8, 200, 269, 2),
(316, 'MINATITLAN', 6, 9, 270, 276, 2),
(317, 'TECOMAN', 6, 10, 277, 336, 2),
(318, 'VILLA DE ALVAREZ', 6, 5, 337, 372, 1),
(319, 'ACACOYAGUA', 7, 1, 1, 6, 7),
(320, 'ACALA', 7, 2, 7, 20, 6),
(321, 'ACAPETAHUA', 7, 3, 21, 34, 7),
(322, 'ALTAMIRANO', 7, 4, 35, 43, 3),
(323, 'AMATAN', 7, 5, 44, 53, 4),
(324, 'AMATENANGO DE LA FRONTERA', 7, 6, 54, 67, 11),
(325, 'AMATENANGO DEL VALLE', 7, 7, 68, 71, 5),
(326, 'ANGEL ALBINO CORZO', 7, 8, 72, 87, 10),
(327, 'ARRIAGA', 7, 9, 88, 112, 7),
(328, 'BEJUCAL DE OCAMPO', 7, 10, 113, 115, 11),
(329, 'BELLA VISTA', 7, 11, 116, 129, 8),
(330, 'BERRIOZABAL', 7, 12, 130, 143, 4),
(331, 'BOCHIL', 7, 13, 144, 154, 2),
(332, 'EL BOSQUE', 7, 14, 155, 162, 2),
(333, 'CACAHOATAN', 7, 15, 163, 185, 11),
(334, 'CATAZAJA', 7, 16, 186, 196, 1),
(335, 'CINTALAPA', 7, 17, 197, 233, 10),
(336, 'COAPILLA', 7, 18, 234, 238, 4),
(337, 'COMITAN DE DOMINGUEZ', 7, 19, 239, 292, 8),
(338, 'LA CONCORDIA', 7, 20, 293, 316, 10),
(339, 'COPAINALA', 7, 21, 317, 330, 4),
(340, 'CHALCHIHUITAN', 7, 22, 331, 335, 2),
(341, 'CHAMULA', 7, 23, 336, 374, 5),
(342, 'CHANAL', 7, 24, 375, 380, 3),
(343, 'CHAPULTENANGO', 7, 25, 381, 383, 2),
(344, 'CHENALHO', 7, 26, 384, 401, 2),
(345, 'CHIAPA DE CORZO', 7, 27, 402, 432, 6),
(346, 'CHIAPILLA', 7, 28, 433, 435, 6),
(347, 'CHICOASEN', 7, 29, 436, 438, 6),
(348, 'CHICOMUSELO', 7, 30, 439, 455, 8),
(349, 'CHILON', 7, 31, 456, 488, 1),
(350, 'ESCUINTLA', 7, 32, 489, 501, 7),
(351, 'FRANCISCO LEON', 7, 33, 502, 503, 2),
(352, 'FRONTERA COMALAPA', 7, 34, 504, 531, 8),
(353, 'FRONTERA HIDALGO', 7, 35, 532, 536, 12),
(354, 'LA GRANDEZA', 7, 36, 537, 539, 11),
(355, 'HUEHUETAN', 7, 37, 540, 555, 11),
(356, 'HUITIUPAN', 7, 38, 556, 565, 2),
(357, 'HUIXTAN', 7, 39, 566, 576, 5),
(358, 'HUIXTLA', 7, 40, 577, 601, 11),
(359, 'LA INDEPENDENCIA', 7, 41, 602, 616, 8),
(360, 'IXHUATAN', 7, 42, 617, 620, 2),
(361, 'IXTACOMITAN', 7, 43, 621, 626, 4),
(362, 'IXTAPA', 7, 44, 627, 635, 6),
(363, 'IXTAPANGAJOYA', 7, 45, 636, 637, 4),
(364, 'JIQUIPILAS', 7, 46, 638, 661, 10),
(365, 'JITOTOL', 7, 47, 662, 668, 2),
(366, 'JUAREZ', 7, 48, 669, 681, 4),
(367, 'LARRAINZAR', 7, 49, 682, 691, 2),
(368, 'LA LIBERTAD', 7, 50, 692, 696, 1),
(369, 'MAPASTEPEC', 7, 51, 697, 717, 7),
(370, 'LAS MARGARITAS', 7, 52, 718, 759, 3),
(371, 'MAZAPA DE MADERO', 7, 53, 760, 764, 11),
(372, 'MAZATAN', 7, 54, 765, 779, 11),
(373, 'METAPA', 7, 55, 780, 781, 12),
(374, 'MITONTIC', 7, 56, 782, 786, 5),
(375, 'MOTOZINTLA', 7, 57, 787, 813, 11),
(376, 'NICOLAS RUIZ', 7, 58, 814, 814, 6),
(377, 'OCOSINGO', 7, 59, 815, 881, 3),
(378, 'OCOTEPEC', 7, 60, 882, 884, 2),
(379, 'OCOZOCOAUTLA DE ESPINOSA', 7, 61, 885, 912, 4),
(380, 'OSTUACAN', 7, 62, 913, 922, 4),
(381, 'OSUMACINTA', 7, 63, 923, 924, 6),
(382, 'OXCHUC', 7, 64, 925, 943, 3),
(383, 'PALENQUE', 7, 65, 944, 976, 1),
(384, 'PANTELHO', 7, 66, 977, 984, 2),
(385, 'PANTEPEC', 7, 67, 985, 989, 2),
(386, 'PICHUCALCO', 7, 68, 990, 1007, 4),
(387, 'PIJIJIAPAN', 7, 69, 1008, 1033, 7),
(388, 'EL PORVENIR', 7, 70, 1034, 1038, 11),
(389, 'PUEBLO NUEVO SOLISTAHUACAN', 7, 71, 1039, 1048, 2),
(390, 'RAYON', 7, 72, 1049, 1051, 2),
(391, 'REFORMA', 7, 73, 1052, 1069, 4),
(392, 'LAS ROSAS', 7, 74, 1070, 1081, 6),
(393, 'SABANILLA', 7, 75, 1082, 1091, 1),
(394, 'SALTO DE AGUA', 7, 76, 1092, 1112, 1),
(395, 'SAN CRISTOBAL DE LAS CASAS', 7, 77, 1113, 1164, 5),
(396, 'SAN FERNANDO', 7, 78, 1165, 1177, 4),
(397, 'SAN JUAN CANCUC', 7, 79, 1178, 1186, 2),
(398, 'SAN LUCAS', 7, 80, 1187, 1188, 6),
(399, 'SILTEPEC', 7, 81, 1189, 1206, 11),
(400, 'SIMOJOVEL', 7, 82, 1207, 1221, 2),
(401, 'SITALA', 7, 83, 1222, 1225, 2),
(402, 'SOCOLTENANGO', 7, 84, 1226, 1232, 8),
(403, 'SOLOSUCHIAPA', 7, 85, 1233, 1235, 4),
(404, 'SOYALO', 7, 86, 1236, 1239, 6),
(405, 'SUCHIAPA', 7, 87, 1240, 1246, 6),
(406, 'SUCHIATE', 7, 88, 1247, 1263, 12),
(407, 'SUNUAPA', 7, 89, 1264, 1264, 4),
(408, 'TAPACHULA', 7, 90, 1265, 1343, 12),
(409, 'TAPACHULA', 7, 90, 1344, 1362, 11),
(410, 'TAPACHULA', 7, 90, 1363, 1401, 12),
(411, 'TAPACHULA', 7, 90, 1403, 1403, 12),
(412, 'TAPALAPA', 7, 91, 1404, 1405, 2),
(413, 'TAPILULA', 7, 92, 1406, 1410, 2),
(414, 'TECPATAN', 7, 93, 1411, 1437, 4),
(415, 'TENEJAPA', 7, 94, 1438, 1453, 5),
(416, 'TEOPISCA', 7, 95, 1454, 1463, 5),
(417, 'TILA', 7, 96, 1464, 1485, 1),
(418, 'TONALA', 7, 97, 1486, 1529, 7),
(419, 'TOTOLAPA', 7, 98, 1530, 1531, 6),
(420, 'LA TRINITARIA', 7, 99, 1532, 1567, 8),
(421, 'TUMBALA', 7, 100, 1568, 1579, 1),
(422, 'TUXTLA CHICO', 7, 101, 1580, 1601, 12),
(423, 'TUXTLA GUTIERREZ', 7, 102, 1602, 1636, 9),
(424, 'TUXTLA GUTIERREZ', 7, 102, 1637, 1644, 6),
(425, 'TUXTLA GUTIERREZ', 7, 102, 1645, 1671, 9),
(426, 'TUXTLA GUTIERREZ', 7, 102, 1672, 1673, 6),
(427, 'TUXTLA GUTIERREZ', 7, 102, 1674, 1700, 9),
(428, 'TUXTLA GUTIERREZ', 7, 102, 1701, 1706, 6),
(429, 'TUXTLA GUTIERREZ', 7, 102, 1707, 1734, 9),
(430, 'TUXTLA GUTIERREZ', 7, 102, 1735, 1739, 6),
(431, 'TUXTLA GUTIERREZ', 7, 102, 1740, 1741, 9),
(432, 'TUXTLA GUTIERREZ', 7, 102, 1742, 1742, 6),
(433, 'TUXTLA GUTIERREZ', 7, 102, 1743, 1744, 9),
(434, 'TUXTLA GUTIERREZ', 7, 102, 1745, 1749, 6),
(435, 'TUXTLA GUTIERREZ', 7, 102, 1750, 1752, 9),
(436, 'TUXTLA GUTIERREZ', 7, 102, 1753, 1753, 6),
(437, 'TUXTLA GUTIERREZ', 7, 102, 1754, 1754, 9),
(438, 'TUZANTAN', 7, 103, 1755, 1770, 11),
(439, 'TZIMOL', 7, 104, 1771, 1777, 8),
(440, 'UNION JUAREZ', 7, 105, 1778, 1785, 11),
(441, 'VENUSTIANO CARRANZA', 7, 106, 1786, 1811, 6),
(442, 'VILLACOMALTITLAN', 7, 107, 1812, 1827, 7),
(443, 'VILLA CORZO', 7, 108, 1828, 1855, 10),
(444, 'VILLAFLORES', 7, 109, 1856, 1901, 10),
(445, 'YAJALON', 7, 110, 1902, 1914, 1),
(446, 'ZINACANTAN', 7, 111, 1915, 1929, 5),
(447, 'AHUMADA', 8, 1, 1, 8, 1),
(448, 'AHUMADA', 8, 1, 10, 16, 1),
(449, 'ALDAMA', 8, 2, 17, 37, 5),
(450, 'ALLENDE', 8, 3, 38, 55, 5),
(451, 'AQUILES SERDAN', 8, 4, 56, 59, 5),
(452, 'ASCENSION', 8, 5, 60, 81, 1),
(453, 'BACHINIVA', 8, 6, 82, 95, 7),
(454, 'BACHINIVA', 8, 6, 97, 101, 7),
(455, 'BALLEZA', 8, 7, 102, 115, 9),
(456, 'BATOPILAS', 8, 8, 116, 126, 9),
(457, 'BOCOYNA', 8, 9, 127, 148, 9),
(458, 'BUENAVENTURA', 8, 10, 149, 174, 7),
(459, 'CAMARGO', 8, 11, 175, 209, 5),
(460, 'CAMARGO', 8, 11, 212, 212, 5),
(461, 'CAMARGO', 8, 11, 214, 220, 5),
(462, 'CARICHI', 8, 12, 221, 237, 9),
(463, 'CASAS GRANDES', 8, 13, 238, 252, 7),
(464, 'CORONADO', 8, 14, 253, 260, 5),
(465, 'COYAME DEL SOTOL', 8, 15, 261, 261, 5),
(466, 'COYAME DEL SOTOL', 8, 15, 263, 265, 5),
(467, 'LA CRUZ', 8, 16, 266, 270, 5),
(468, 'CUAUHTEMOC', 8, 17, 271, 353, 7),
(469, 'CUAUHTEMOC', 8, 17, 355, 387, 7),
(470, 'CUSIHUIRIACHI', 8, 18, 388, 391, 9),
(471, 'CUSIHUIRIACHI', 8, 18, 393, 401, 9),
(472, 'CHIHUAHUA', 8, 19, 402, 436, 6),
(473, 'CHIHUAHUA', 8, 19, 437, 446, 8),
(474, 'CHIHUAHUA', 8, 19, 447, 507, 6),
(475, 'CHIHUAHUA', 8, 19, 508, 509, 8),
(476, 'CHIHUAHUA', 8, 19, 510, 534, 6),
(477, 'CHIHUAHUA', 8, 19, 535, 535, 8),
(478, 'CHIHUAHUA', 8, 19, 536, 536, 6),
(479, 'CHIHUAHUA', 8, 19, 537, 543, 8),
(480, 'CHIHUAHUA', 8, 19, 544, 544, 6),
(481, 'CHIHUAHUA', 8, 19, 545, 547, 8),
(482, 'CHIHUAHUA', 8, 19, 548, 561, 6),
(483, 'CHIHUAHUA', 8, 19, 562, 620, 8),
(484, 'CHIHUAHUA', 8, 19, 621, 626, 6),
(485, 'CHIHUAHUA', 8, 19, 627, 637, 8),
(486, 'CHIHUAHUA', 8, 19, 638, 643, 6),
(487, 'CHIHUAHUA', 8, 19, 644, 652, 8),
(488, 'CHIHUAHUA', 8, 19, 653, 661, 6),
(489, 'CHIHUAHUA', 8, 19, 662, 674, 8),
(490, 'CHIHUAHUA', 8, 19, 675, 682, 6),
(491, 'CHIHUAHUA', 8, 19, 683, 695, 8),
(492, 'CHIHUAHUA', 8, 19, 696, 711, 6),
(493, 'CHIHUAHUA', 8, 19, 712, 719, 8),
(494, 'CHIHUAHUA', 8, 19, 720, 738, 6),
(495, 'CHIHUAHUA', 8, 19, 739, 740, 8),
(496, 'CHIHUAHUA', 8, 19, 741, 766, 6),
(497, 'CHIHUAHUA', 8, 19, 767, 768, 8),
(498, 'CHIHUAHUA', 8, 19, 769, 784, 6),
(499, 'CHIHUAHUA', 8, 19, 785, 794, 8),
(500, 'CHIHUAHUA', 8, 19, 795, 810, 6),
(501, 'CHIHUAHUA', 8, 19, 811, 816, 8),
(502, 'CHIHUAHUA', 8, 19, 817, 847, 6),
(503, 'CHIHUAHUA', 8, 19, 848, 884, 8),
(504, 'CHIHUAHUA', 8, 19, 885, 885, 6),
(505, 'CHIHUAHUA', 8, 19, 886, 892, 8),
(506, 'CHIHUAHUA', 8, 19, 893, 894, 6),
(507, 'CHIHUAHUA', 8, 19, 895, 896, 8),
(508, 'CHIHUAHUA', 8, 19, 897, 899, 6),
(509, 'CHIHUAHUA', 8, 19, 900, 900, 8),
(510, 'CHIHUAHUA', 8, 19, 901, 906, 6),
(511, 'CHIHUAHUA', 8, 19, 908, 910, 8),
(512, 'CHIHUAHUA', 8, 19, 911, 911, 6),
(513, 'CHINIPAS', 8, 20, 912, 920, 9),
(514, 'DELICIAS', 8, 21, 921, 1030, 5),
(515, 'DR. BELISARIO DOMINGUEZ', 8, 22, 1031, 1041, 9),
(516, 'GALEANA', 8, 23, 1042, 1042, 7),
(517, 'GALEANA', 8, 23, 1044, 1045, 7),
(518, 'SANTA ISABEL', 8, 24, 1046, 1052, 9),
(519, 'GOMEZ FARIAS', 8, 25, 1053, 1067, 7),
(520, 'GRAN MORELOS', 8, 26, 1069, 1081, 9),
(521, 'GUACHOCHI', 8, 27, 1082, 1120, 9),
(522, 'GUACHOCHI', 8, 27, 1122, 1125, 9),
(523, 'GUADALUPE', 8, 28, 1126, 1134, 1),
(524, 'GUADALUPE Y CALVO', 8, 29, 1135, 1166, 9),
(525, 'GUAZAPARES', 8, 30, 1167, 1181, 9),
(526, 'GUERRERO', 8, 31, 1182, 1251, 7),
(527, 'GUERRERO', 8, 31, 1253, 1253, 7),
(528, 'GUERRERO', 8, 31, 1255, 1255, 7),
(529, 'GUERRERO', 8, 31, 1257, 1265, 7),
(530, 'HIDALGO DEL PARRAL', 8, 32, 1266, 1351, 9),
(531, 'HIDALGO DEL PARRAL', 8, 32, 1353, 1354, 9),
(532, 'HUEJOTITAN', 8, 33, 1355, 1356, 9),
(533, 'IGNACIO ZARAGOZA', 8, 34, 1357, 1369, 7),
(534, 'IGNACIO ZARAGOZA', 8, 34, 1371, 1374, 7),
(535, 'JANOS', 8, 35, 1375, 1386, 1),
(536, 'JIMENEZ', 8, 36, 1387, 1419, 5),
(537, 'JIMENEZ', 8, 36, 1421, 1423, 5),
(538, 'JUAREZ', 8, 37, 1424, 1444, 2),
(539, 'JUAREZ', 8, 37, 1445, 1451, 3),
(540, 'JUAREZ', 8, 37, 1452, 1493, 2),
(541, 'JUAREZ', 8, 37, 1494, 1497, 3),
(542, 'JUAREZ', 8, 37, 1498, 1526, 2),
(543, 'JUAREZ', 8, 37, 1527, 1527, 3),
(544, 'JUAREZ', 8, 37, 1528, 1561, 2),
(545, 'JUAREZ', 8, 37, 1562, 1562, 1),
(546, 'JUAREZ', 8, 37, 1563, 1565, 2),
(547, 'JUAREZ', 8, 37, 1566, 1766, 3),
(548, 'JUAREZ', 8, 37, 1767, 1769, 4),
(549, 'JUAREZ', 8, 37, 1770, 1775, 3),
(550, 'JUAREZ', 8, 37, 1776, 1790, 4),
(551, 'JUAREZ', 8, 37, 1791, 1796, 3),
(552, 'JUAREZ', 8, 37, 1797, 1810, 4),
(553, 'JUAREZ', 8, 37, 1811, 1811, 3),
(554, 'JUAREZ', 8, 37, 1812, 1825, 4),
(555, 'JUAREZ', 8, 37, 1826, 1826, 1),
(556, 'JUAREZ', 8, 37, 1827, 1830, 3),
(557, 'JUAREZ', 8, 37, 1831, 1856, 4),
(558, 'JUAREZ', 8, 37, 1857, 1865, 1),
(559, 'JUAREZ', 8, 37, 1866, 1869, 4),
(560, 'JUAREZ', 8, 37, 1870, 1879, 1),
(561, 'JUAREZ', 8, 37, 1880, 1882, 4),
(562, 'JUAREZ', 8, 37, 1883, 1886, 1),
(563, 'JUAREZ', 8, 37, 1888, 1892, 1),
(564, 'JUAREZ', 8, 37, 1893, 1900, 4),
(565, 'JUAREZ', 8, 37, 1901, 1908, 1),
(566, 'JUAREZ', 8, 37, 1909, 1910, 4),
(567, 'JUAREZ', 8, 37, 1911, 1912, 1),
(568, 'JUAREZ', 8, 37, 1914, 1916, 1),
(569, 'JUAREZ', 8, 37, 1917, 1928, 4),
(570, 'JUAREZ', 8, 37, 1929, 1945, 1),
(571, 'JUAREZ', 8, 37, 1946, 1950, 3),
(572, 'JUAREZ', 8, 37, 1951, 1965, 2),
(573, 'JUAREZ', 8, 37, 1966, 1966, 3),
(574, 'JUAREZ', 8, 37, 1967, 2026, 2),
(575, 'JUAREZ', 8, 37, 2027, 2032, 4),
(576, 'JUAREZ', 8, 37, 2033, 2069, 2),
(577, 'JUAREZ', 8, 37, 2070, 2088, 4),
(578, 'JUAREZ', 8, 37, 2089, 2094, 2),
(579, 'JUAREZ', 8, 37, 2095, 2113, 4),
(580, 'JUAREZ', 8, 37, 2114, 2114, 2),
(581, 'JUAREZ', 8, 37, 2115, 2115, 4),
(582, 'JUAREZ', 8, 37, 2116, 2118, 2),
(583, 'JUAREZ', 8, 37, 2119, 2191, 4),
(584, 'JUAREZ', 8, 37, 2192, 2192, 1),
(585, 'JUAREZ', 8, 37, 2193, 2194, 4),
(586, 'JUAREZ', 8, 37, 2195, 2197, 1),
(587, 'JUAREZ', 8, 37, 2198, 2198, 4),
(588, 'JULIMES', 8, 38, 2199, 2201, 5),
(589, 'JULIMES', 8, 38, 2203, 2205, 5),
(590, 'LOPEZ', 8, 39, 2206, 2213, 5),
(591, 'MADERA', 8, 40, 2214, 2260, 7),
(592, 'MAGUARICHI', 8, 41, 2261, 2265, 9),
(593, 'MANUEL BENAVIDES', 8, 42, 2266, 2270, 5),
(594, 'MATACHI', 8, 43, 2271, 2277, 7),
(595, 'MATAMOROS', 8, 44, 2278, 2287, 9),
(596, 'MEOQUI', 8, 45, 2288, 2322, 5),
(597, 'MORELOS', 8, 46, 2323, 2330, 9),
(598, 'MORIS', 8, 47, 2331, 2338, 7),
(599, 'NAMIQUIPA', 8, 48, 2339, 2369, 7),
(600, 'NAMIQUIPA', 8, 48, 2371, 2389, 7),
(601, 'NONOAVA', 8, 49, 2390, 2393, 9),
(602, 'NONOAVA', 8, 49, 2395, 2395, 9),
(603, 'NUEVO CASAS GRANDES', 8, 50, 2396, 2459, 7),
(604, 'OCAMPO', 8, 51, 2460, 2464, 7),
(605, 'OCAMPO', 8, 51, 2466, 2476, 7),
(606, 'OJINAGA', 8, 52, 2477, 2508, 5),
(607, 'PRAXEDIS G. GUERRERO', 8, 53, 2509, 2517, 1),
(608, 'RIVA PALACIO', 8, 54, 2518, 2527, 7),
(609, 'ROSALES', 8, 55, 2528, 2544, 5),
(610, 'ROSARIO', 8, 56, 2545, 2548, 9),
(611, 'SAN FRANCISCO DE BORJA', 8, 57, 2549, 2558, 9),
(612, 'SAN FRANCISCO DE CONCHOS', 8, 58, 2559, 2565, 5),
(613, 'SAN FRANCISCO DEL ORO', 8, 59, 2566, 2577, 9),
(614, 'SANTA BARBARA', 8, 60, 2578, 2599, 9),
(615, 'SATEVO', 8, 61, 2601, 2614, 9),
(616, 'SAUCILLO', 8, 62, 2615, 2628, 5),
(617, 'SAUCILLO', 8, 62, 2630, 2647, 5),
(618, 'TEMOSACHIC', 8, 63, 2648, 2660, 7),
(619, 'EL TULE', 8, 64, 2661, 2667, 9),
(620, 'URIQUE', 8, 65, 2668, 2683, 9),
(621, 'URUACHI', 8, 66, 2684, 2687, 9),
(622, 'URUACHI', 8, 66, 2689, 2696, 9),
(623, 'VALLE DE ZARAGOZA', 8, 67, 2697, 2710, 9),
(624, 'JUAREZ', 8, 37, 2711, 2843, 1),
(625, 'CHIHUAHUA', 8, 19, 2844, 2902, 8),
(626, 'JUAREZ', 8, 37, 2903, 2936, 1),
(627, 'AZCAPOTZALCO', 9, 2, 1, 55, 8),
(628, 'AZCAPOTZALCO', 9, 2, 56, 81, 3),
(629, 'AZCAPOTZALCO', 9, 2, 82, 82, 8),
(630, 'AZCAPOTZALCO', 9, 2, 83, 96, 3),
(631, 'AZCAPOTZALCO', 9, 2, 97, 98, 8),
(632, 'AZCAPOTZALCO', 9, 2, 99, 110, 3),
(633, 'AZCAPOTZALCO', 9, 2, 111, 121, 8),
(634, 'AZCAPOTZALCO', 9, 2, 122, 307, 3),
(635, 'AZCAPOTZALCO', 9, 2, 308, 344, 8),
(636, 'COYOACAN', 9, 3, 345, 515, 23),
(637, 'COYOACAN', 9, 3, 516, 692, 24),
(638, 'COYOACAN', 9, 3, 693, 693, 23),
(639, 'COYOACAN', 9, 3, 694, 714, 24),
(640, 'COYOACAN', 9, 3, 715, 716, 23),
(641, 'COYOACAN', 9, 3, 717, 718, 24),
(642, 'COYOACAN', 9, 3, 719, 741, 23),
(643, 'COYOACAN', 9, 3, 742, 742, 24),
(644, 'COYOACAN', 9, 3, 743, 743, 23),
(645, 'COYOACAN', 9, 3, 744, 744, 24),
(646, 'COYOACAN', 9, 3, 745, 746, 23),
(647, 'CUAJIMALPA DE MORELOS', 9, 4, 747, 820, 17),
(648, 'GUSTAVO A. MADERO', 9, 5, 821, 973, 1),
(649, 'GUSTAVO A. MADERO', 9, 5, 974, 978, 2),
(650, 'GUSTAVO A. MADERO', 9, 5, 979, 979, 1),
(651, 'GUSTAVO A. MADERO', 9, 5, 980, 982, 2),
(652, 'GUSTAVO A. MADERO', 9, 5, 983, 984, 1),
(653, 'GUSTAVO A. MADERO', 9, 5, 985, 1074, 2),
(654, 'GUSTAVO A. MADERO', 9, 5, 1075, 1077, 1),
(655, 'GUSTAVO A. MADERO', 9, 5, 1078, 1147, 2),
(656, 'GUSTAVO A. MADERO', 9, 5, 1148, 1213, 7),
(657, 'GUSTAVO A. MADERO', 9, 5, 1214, 1218, 2),
(658, 'GUSTAVO A. MADERO', 9, 5, 1219, 1247, 6),
(659, 'GUSTAVO A. MADERO', 9, 5, 1248, 1268, 2),
(660, 'GUSTAVO A. MADERO', 9, 5, 1269, 1286, 6),
(661, 'GUSTAVO A. MADERO', 9, 5, 1287, 1301, 2),
(662, 'GUSTAVO A. MADERO', 9, 5, 1302, 1302, 6),
(663, 'GUSTAVO A. MADERO', 9, 5, 1303, 1304, 2),
(664, 'GUSTAVO A. MADERO', 9, 5, 1305, 1322, 6),
(665, 'GUSTAVO A. MADERO', 9, 5, 1323, 1326, 2),
(666, 'GUSTAVO A. MADERO', 9, 5, 1327, 1364, 6),
(667, 'GUSTAVO A. MADERO', 9, 5, 1365, 1377, 7),
(668, 'GUSTAVO A. MADERO', 9, 5, 1378, 1395, 6),
(669, 'GUSTAVO A. MADERO', 9, 5, 1396, 1408, 7),
(670, 'GUSTAVO A. MADERO', 9, 5, 1409, 1428, 6),
(671, 'GUSTAVO A. MADERO', 9, 5, 1429, 1446, 7),
(672, 'GUSTAVO A. MADERO', 9, 5, 1447, 1448, 6),
(673, 'GUSTAVO A. MADERO', 9, 5, 1449, 1450, 7),
(674, 'GUSTAVO A. MADERO', 9, 5, 1451, 1495, 2),
(675, 'GUSTAVO A. MADERO', 9, 5, 1496, 1558, 6),
(676, 'GUSTAVO A. MADERO', 9, 5, 1559, 1584, 7),
(677, 'GUSTAVO A. MADERO', 9, 5, 1585, 1587, 6),
(678, 'GUSTAVO A. MADERO', 9, 5, 1588, 1671, 7),
(679, 'IZTACALCO', 9, 6, 1672, 1832, 13),
(680, 'IZTACALCO', 9, 6, 1833, 1844, 11),
(681, 'IZTACALCO', 9, 6, 1845, 1853, 13),
(682, 'IZTACALCO', 9, 6, 1854, 1868, 11),
(683, 'IZTACALCO', 9, 6, 1869, 1881, 13),
(684, 'IZTACALCO', 9, 6, 1882, 1902, 11),
(685, 'IZTACALCO', 9, 6, 1903, 1903, 13),
(686, 'IZTACALCO', 9, 6, 1904, 1944, 11),
(687, 'IZTACALCO', 9, 6, 1945, 1970, 13),
(688, 'IZTAPALAPA', 9, 7, 1971, 1971, 20),
(689, 'IZTAPALAPA', 9, 7, 1972, 2006, 18),
(690, 'IZTAPALAPA', 9, 7, 2007, 2007, 20),
(691, 'IZTAPALAPA', 9, 7, 2008, 2018, 18),
(692, 'IZTAPALAPA', 9, 7, 2019, 2058, 20),
(693, 'IZTAPALAPA', 9, 7, 2059, 2060, 18),
(694, 'IZTAPALAPA', 9, 7, 2061, 2064, 20),
(695, 'IZTAPALAPA', 9, 7, 2065, 2125, 18),
(696, 'IZTAPALAPA', 9, 7, 2126, 2147, 19),
(697, 'IZTAPALAPA', 9, 7, 2148, 2184, 18),
(698, 'IZTAPALAPA', 9, 7, 2185, 2197, 19),
(699, 'IZTAPALAPA', 9, 7, 2198, 2224, 18),
(700, 'IZTAPALAPA', 9, 7, 2225, 2238, 19),
(701, 'IZTAPALAPA', 9, 7, 2239, 2277, 20),
(702, 'IZTAPALAPA', 9, 7, 2278, 2298, 19),
(703, 'IZTAPALAPA', 9, 7, 2299, 2311, 20),
(704, 'IZTAPALAPA', 9, 7, 2312, 2312, 18),
(705, 'IZTAPALAPA', 9, 7, 2313, 2314, 20),
(706, 'IZTAPALAPA', 9, 7, 2315, 2321, 19),
(707, 'IZTAPALAPA', 9, 7, 2322, 2325, 18),
(708, 'IZTAPALAPA', 9, 7, 2326, 2326, 20),
(709, 'IZTAPALAPA', 9, 7, 2327, 2330, 18),
(710, 'IZTAPALAPA', 9, 7, 2331, 2332, 20),
(711, 'IZTAPALAPA', 9, 7, 2333, 2333, 19),
(712, 'IZTAPALAPA', 9, 7, 2334, 2334, 20),
(713, 'IZTAPALAPA', 9, 7, 2335, 2335, 19),
(714, 'IZTAPALAPA', 9, 7, 2336, 2339, 18),
(715, 'IZTAPALAPA', 9, 7, 2340, 2340, 20),
(716, 'IZTAPALAPA', 9, 7, 2341, 2385, 4),
(717, 'IZTAPALAPA', 9, 7, 2386, 2509, 20),
(718, 'IZTAPALAPA', 9, 7, 2510, 2553, 4),
(719, 'IZTAPALAPA', 9, 7, 2554, 2559, 19),
(720, 'IZTAPALAPA', 9, 7, 2560, 2620, 22),
(721, 'IZTAPALAPA', 9, 7, 2621, 2626, 19),
(722, 'IZTAPALAPA', 9, 7, 2627, 2671, 4),
(723, 'IZTAPALAPA', 9, 7, 2672, 2681, 19),
(724, 'IZTAPALAPA', 9, 7, 2682, 2722, 22),
(725, 'IZTAPALAPA', 9, 7, 2723, 2732, 19),
(726, 'IZTAPALAPA', 9, 7, 2733, 2757, 4),
(727, 'IZTAPALAPA', 9, 7, 2758, 2758, 25),
(728, 'IZTAPALAPA', 9, 7, 2759, 2776, 19),
(729, 'IZTAPALAPA', 9, 7, 2777, 2823, 22),
(730, 'IZTAPALAPA', 9, 7, 2824, 2834, 19),
(731, 'IZTAPALAPA', 9, 7, 2835, 2849, 4),
(732, 'IZTAPALAPA', 9, 7, 2850, 2851, 25),
(733, 'IZTAPALAPA', 9, 7, 2852, 2863, 19),
(734, 'IZTAPALAPA', 9, 7, 2864, 2864, 22),
(735, 'IZTAPALAPA', 9, 7, 2865, 2872, 19),
(736, 'IZTAPALAPA', 9, 7, 2873, 2877, 25),
(737, 'IZTAPALAPA', 9, 7, 2878, 2889, 4),
(738, 'IZTAPALAPA', 9, 7, 2890, 2895, 25),
(739, 'IZTAPALAPA', 9, 7, 2896, 2899, 19),
(740, 'IZTAPALAPA', 9, 7, 2900, 2922, 25),
(741, 'IZTAPALAPA', 9, 7, 2923, 2923, 4),
(742, 'IZTAPALAPA', 9, 7, 2924, 2945, 25),
(743, 'IZTAPALAPA', 9, 7, 2946, 2946, 4),
(744, 'IZTAPALAPA', 9, 7, 2947, 2962, 25),
(745, 'IZTAPALAPA', 9, 7, 2963, 2963, 4),
(746, 'IZTAPALAPA', 9, 7, 2964, 2965, 22),
(747, 'IZTAPALAPA', 9, 7, 2966, 2967, 25),
(748, 'IZTAPALAPA', 9, 7, 2968, 2971, 20),
(749, 'LA MAGDALENA CONTRERAS', 9, 8, 2972, 3118, 26),
(750, 'MILPA ALTA', 9, 9, 3119, 3162, 21),
(751, 'ALVARO OBREGON', 9, 10, 3163, 3216, 16),
(752, 'ALVARO OBREGON', 9, 10, 3217, 3234, 26),
(753, 'ALVARO OBREGON', 9, 10, 3235, 3364, 16),
(754, 'ALVARO OBREGON', 9, 10, 3365, 3371, 17),
(755, 'ALVARO OBREGON', 9, 10, 3372, 3376, 16),
(756, 'ALVARO OBREGON', 9, 10, 3377, 3398, 17),
(757, 'ALVARO OBREGON', 9, 10, 3399, 3419, 16),
(758, 'ALVARO OBREGON', 9, 10, 3420, 3420, 26),
(759, 'ALVARO OBREGON', 9, 10, 3421, 3421, 16),
(760, 'ALVARO OBREGON', 9, 10, 3422, 3422, 26),
(761, 'ALVARO OBREGON', 9, 10, 3423, 3423, 16),
(762, 'ALVARO OBREGON', 9, 10, 3424, 3424, 26),
(763, 'ALVARO OBREGON', 9, 10, 3425, 3425, 16),
(764, 'ALVARO OBREGON', 9, 10, 3426, 3472, 26),
(765, 'ALVARO OBREGON', 9, 10, 3473, 3473, 16),
(766, 'ALVARO OBREGON', 9, 10, 3474, 3476, 26),
(767, 'ALVARO OBREGON', 9, 10, 3477, 3482, 16),
(768, 'ALVARO OBREGON', 9, 10, 3483, 3483, 26),
(769, 'ALVARO OBREGON', 9, 10, 3484, 3484, 17),
(770, 'ALVARO OBREGON', 9, 10, 3485, 3489, 26),
(771, 'ALVARO OBREGON', 9, 10, 3490, 3499, 17),
(772, 'ALVARO OBREGON', 9, 10, 3500, 3506, 26),
(773, 'ALVARO OBREGON', 9, 10, 3507, 3525, 17),
(774, 'ALVARO OBREGON', 9, 10, 3526, 3531, 26),
(775, 'ALVARO OBREGON', 9, 10, 3532, 3540, 17),
(776, 'ALVARO OBREGON', 9, 10, 3541, 3557, 26),
(777, 'ALVARO OBREGON', 9, 10, 3558, 3573, 17),
(778, 'ALVARO OBREGON', 9, 10, 3574, 3578, 26),
(779, 'ALVARO OBREGON', 9, 10, 3579, 3607, 17),
(780, 'ALVARO OBREGON', 9, 10, 3608, 3608, 26),
(781, 'TLAHUAC', 9, 11, 3609, 3741, 27),
(782, 'TLALPAN', 9, 12, 3742, 3789, 5),
(783, 'TLALPAN', 9, 12, 3790, 3792, 14),
(784, 'TLALPAN', 9, 12, 3793, 3793, 5),
(785, 'TLALPAN', 9, 12, 3794, 3806, 14),
(786, 'TLALPAN', 9, 12, 3807, 3807, 5),
(787, 'TLALPAN', 9, 12, 3808, 3828, 14),
(788, 'TLALPAN', 9, 12, 3829, 3853, 5),
(789, 'TLALPAN', 9, 12, 3854, 3891, 14),
(790, 'TLALPAN', 9, 12, 3892, 3905, 5),
(791, 'TLALPAN', 9, 12, 3906, 3908, 14),
(792, 'TLALPAN', 9, 12, 3909, 3915, 5),
(793, 'TLALPAN', 9, 12, 3916, 3938, 14),
(794, 'TLALPAN', 9, 12, 3939, 3952, 5),
(795, 'TLALPAN', 9, 12, 3953, 3955, 14),
(796, 'TLALPAN', 9, 12, 3956, 3957, 5),
(797, 'TLALPAN', 9, 12, 3958, 3994, 14),
(798, 'TLALPAN', 9, 12, 3995, 4094, 5),
(799, 'XOCHIMILCO', 9, 13, 4095, 4125, 25),
(800, 'XOCHIMILCO', 9, 13, 4126, 4129, 21),
(801, 'XOCHIMILCO', 9, 13, 4130, 4172, 25),
(802, 'XOCHIMILCO', 9, 13, 4173, 4183, 21),
(803, 'XOCHIMILCO', 9, 13, 4184, 4191, 25),
(804, 'XOCHIMILCO', 9, 13, 4192, 4207, 21),
(805, 'XOCHIMILCO', 9, 13, 4208, 4212, 25),
(806, 'XOCHIMILCO', 9, 13, 4213, 4213, 21),
(807, 'XOCHIMILCO', 9, 13, 4214, 4215, 25),
(808, 'XOCHIMILCO', 9, 13, 4216, 4268, 21),
(809, 'BENITO JUAREZ', 9, 14, 4269, 4522, 15),
(810, 'CUAUHTEMOC', 9, 15, 4523, 4585, 12),
(811, 'CUAUHTEMOC', 9, 15, 4586, 4665, 8),
(812, 'CUAUHTEMOC', 9, 15, 4666, 4669, 12),
(813, 'CUAUHTEMOC', 9, 15, 4670, 4678, 8),
(814, 'CUAUHTEMOC', 9, 15, 4679, 4683, 12),
(815, 'CUAUHTEMOC', 9, 15, 4684, 4689, 8),
(816, 'CUAUHTEMOC', 9, 15, 4690, 4695, 12),
(817, 'CUAUHTEMOC', 9, 15, 4696, 4702, 8),
(818, 'CUAUHTEMOC', 9, 15, 4703, 4707, 12),
(819, 'CUAUHTEMOC', 9, 15, 4708, 4710, 8),
(820, 'CUAUHTEMOC', 9, 15, 4711, 4711, 12),
(821, 'CUAUHTEMOC', 9, 15, 4712, 4712, 8),
(822, 'CUAUHTEMOC', 9, 15, 4713, 4713, 12),
(823, 'CUAUHTEMOC', 9, 15, 4714, 4714, 8),
(824, 'CUAUHTEMOC', 9, 15, 4715, 4716, 12),
(825, 'CUAUHTEMOC', 9, 15, 4717, 4717, 8),
(826, 'CUAUHTEMOC', 9, 15, 4718, 4719, 12),
(827, 'CUAUHTEMOC', 9, 15, 4720, 4720, 8),
(828, 'CUAUHTEMOC', 9, 15, 4721, 4721, 12),
(829, 'CUAUHTEMOC', 9, 15, 4722, 4722, 8),
(830, 'CUAUHTEMOC', 9, 15, 4723, 4822, 12),
(831, 'CUAUHTEMOC', 9, 15, 4823, 4829, 8),
(832, 'CUAUHTEMOC', 9, 15, 4830, 4830, 12),
(833, 'CUAUHTEMOC', 9, 15, 4831, 4836, 8),
(834, 'CUAUHTEMOC', 9, 15, 4837, 4852, 12),
(835, 'CUAUHTEMOC', 9, 15, 4853, 4864, 8),
(836, 'CUAUHTEMOC', 9, 15, 4865, 4873, 12),
(837, 'CUAUHTEMOC', 9, 15, 4874, 4881, 8),
(838, 'CUAUHTEMOC', 9, 15, 4882, 4884, 12),
(839, 'CUAUHTEMOC', 9, 15, 4885, 4885, 8),
(840, 'CUAUHTEMOC', 9, 15, 4886, 4888, 12),
(841, 'CUAUHTEMOC', 9, 15, 4889, 4889, 8),
(842, 'CUAUHTEMOC', 9, 15, 4890, 4911, 12),
(843, 'MIGUEL HIDALGO', 9, 16, 4913, 5090, 10),
(844, 'MIGUEL HIDALGO', 9, 16, 5095, 5095, 10),
(845, 'MIGUEL HIDALGO', 9, 16, 5097, 5182, 10),
(846, 'VENUSTIANO CARRANZA', 9, 17, 5183, 5338, 9),
(847, 'VENUSTIANO CARRANZA', 9, 17, 5339, 5339, 11),
(848, 'VENUSTIANO CARRANZA', 9, 17, 5340, 5359, 9),
(849, 'VENUSTIANO CARRANZA', 9, 17, 5360, 5369, 11),
(850, 'VENUSTIANO CARRANZA', 9, 17, 5370, 5370, 9),
(851, 'VENUSTIANO CARRANZA', 9, 17, 5371, 5371, 11),
(852, 'VENUSTIANO CARRANZA', 9, 17, 5372, 5377, 9),
(853, 'VENUSTIANO CARRANZA', 9, 17, 5378, 5381, 11),
(854, 'VENUSTIANO CARRANZA', 9, 17, 5382, 5387, 9),
(855, 'VENUSTIANO CARRANZA', 9, 17, 5388, 5394, 11),
(856, 'VENUSTIANO CARRANZA', 9, 17, 5395, 5396, 9),
(857, 'VENUSTIANO CARRANZA', 9, 17, 5397, 5399, 11),
(858, 'VENUSTIANO CARRANZA', 9, 17, 5400, 5402, 9),
(859, 'VENUSTIANO CARRANZA', 9, 17, 5403, 5407, 11),
(860, 'VENUSTIANO CARRANZA', 9, 17, 5408, 5418, 9),
(861, 'VENUSTIANO CARRANZA', 9, 17, 5419, 5420, 11),
(862, 'VENUSTIANO CARRANZA', 9, 17, 5421, 5422, 9),
(863, 'VENUSTIANO CARRANZA', 9, 17, 5423, 5492, 11),
(864, 'VENUSTIANO CARRANZA', 9, 17, 5493, 5493, 9),
(865, 'VENUSTIANO CARRANZA', 9, 17, 5494, 5502, 11),
(866, 'VENUSTIANO CARRANZA', 9, 17, 5503, 5511, 9),
(867, 'AZCAPOTZALCO', 9, 2, 5512, 5514, 3),
(868, 'COYOACAN', 9, 3, 5515, 5515, 23),
(869, 'IZTAPALAPA', 9, 7, 5516, 5516, 20),
(870, 'IZTAPALAPA', 9, 7, 5517, 5517, 18),
(871, 'TLALPAN', 9, 12, 5518, 5519, 5),
(872, 'VENUSTIANO CARRANZA', 9, 17, 5520, 5527, 11),
(873, 'CUAJIMALPA DE MORELOS', 9, 4, 5536, 5536, 17),
(874, 'GUSTAVO A. MADERO', 9, 5, 5537, 5543, 6),
(875, 'TLALPAN', 9, 12, 5544, 5544, 21),
(876, 'XOCHIMILCO', 9, 13, 5545, 5545, 14),
(877, 'ALVARO OBREGON', 9, 10, 5546, 5546, 17),
(878, 'CANATLAN', 10, 1, 1, 40, 3),
(879, 'CANELAS', 10, 2, 42, 48, 1),
(880, 'CANELAS', 10, 2, 50, 56, 1),
(881, 'CONETO DE COMONFORT', 10, 3, 57, 65, 3),
(882, 'CUENCAME', 10, 4, 66, 70, 3),
(883, 'CUENCAME', 10, 4, 72, 97, 3),
(884, 'CUENCAME', 10, 4, 99, 107, 3),
(885, 'DURANGO', 10, 5, 108, 117, 4),
(886, 'DURANGO', 10, 5, 118, 120, 1),
(887, 'DURANGO', 10, 5, 121, 122, 4),
(888, 'DURANGO', 10, 5, 123, 123, 1),
(889, 'DURANGO', 10, 5, 124, 124, 4),
(890, 'DURANGO', 10, 5, 125, 125, 1),
(891, 'DURANGO', 10, 5, 126, 129, 4),
(892, 'DURANGO', 10, 5, 130, 135, 1),
(893, 'DURANGO', 10, 5, 136, 162, 4),
(894, 'DURANGO', 10, 5, 163, 168, 1),
(895, 'DURANGO', 10, 5, 169, 197, 4),
(896, 'DURANGO', 10, 5, 198, 201, 1),
(897, 'DURANGO', 10, 5, 202, 203, 4),
(898, 'DURANGO', 10, 5, 204, 204, 1),
(899, 'DURANGO', 10, 5, 205, 298, 4),
(900, 'DURANGO', 10, 5, 299, 301, 1),
(901, 'DURANGO', 10, 5, 302, 321, 4),
(902, 'DURANGO', 10, 5, 322, 322, 1),
(903, 'DURANGO', 10, 5, 323, 328, 4),
(904, 'DURANGO', 10, 5, 329, 336, 1),
(905, 'DURANGO', 10, 5, 337, 338, 4),
(906, 'DURANGO', 10, 5, 339, 353, 1),
(907, 'DURANGO', 10, 5, 354, 355, 4),
(908, 'DURANGO', 10, 5, 356, 361, 1),
(909, 'DURANGO', 10, 5, 362, 369, 4),
(910, 'DURANGO', 10, 5, 370, 376, 1),
(911, 'DURANGO', 10, 5, 377, 385, 4),
(912, 'DURANGO', 10, 5, 386, 390, 1),
(913, 'DURANGO', 10, 5, 391, 393, 4),
(914, 'DURANGO', 10, 5, 394, 418, 1),
(915, 'DURANGO', 10, 5, 419, 419, 4),
(916, 'SIMON BOLIVAR', 10, 6, 420, 435, 3),
(917, 'GOMEZ PALACIO', 10, 7, 436, 598, 2),
(918, 'GOMEZ PALACIO', 10, 7, 600, 611, 2),
(919, 'GUADALUPE VICTORIA', 10, 8, 612, 637, 3),
(920, 'GUANACEVI', 10, 9, 638, 651, 1),
(921, 'GUANACEVI', 10, 9, 653, 663, 1),
(922, 'HIDALGO', 10, 10, 664, 671, 3),
(923, 'INDE', 10, 11, 672, 688, 3),
(924, 'LERDO', 10, 12, 689, 768, 2),
(925, 'MAPIMI', 10, 13, 769, 783, 3),
(926, 'MAPIMI', 10, 13, 785, 795, 3),
(927, 'MEZQUITAL', 10, 14, 796, 827, 1),
(928, 'NAZAS', 10, 15, 828, 844, 3),
(929, 'NOMBRE DE DIOS', 10, 16, 845, 865, 3),
(930, 'NUEVO IDEAL', 10, 17, 866, 894, 3),
(931, 'OCAMPO', 10, 18, 895, 913, 3),
(932, 'EL ORO', 10, 19, 914, 946, 3),
(933, 'OTAEZ', 10, 20, 947, 960, 1),
(934, 'PANUCO DE CORONADO', 10, 21, 961, 976, 3),
(935, 'PEÑON BLANCO', 10, 22, 977, 983, 3),
(936, 'PEÑON BLANCO', 10, 22, 985, 991, 3),
(937, 'POANAS', 10, 23, 992, 1014, 3),
(938, 'PUEBLO NUEVO', 10, 24, 1015, 1062, 1),
(939, 'RODEO', 10, 25, 1063, 1085, 3),
(940, 'SAN BERNARDO', 10, 26, 1086, 1097, 3),
(941, 'SAN DIMAS', 10, 27, 1098, 1123, 1),
(942, 'SAN DIMAS', 10, 27, 1125, 1139, 1),
(943, 'SAN JUAN DE GUADALUPE', 10, 28, 1140, 1155, 3),
(944, 'SAN JUAN DEL RIO', 10, 29, 1156, 1178, 3),
(945, 'SAN LUIS DEL CORDERO', 10, 30, 1179, 1182, 3),
(946, 'SAN PEDRO DEL GALLO', 10, 31, 1183, 1190, 3),
(947, 'SANTA CLARA', 10, 32, 1191, 1199, 3),
(948, 'SANTIAGO PAPASQUIARO', 10, 33, 1200, 1238, 1),
(949, 'SANTIAGO PAPASQUIARO', 10, 33, 1240, 1262, 1),
(950, 'SUCHIL', 10, 34, 1263, 1273, 1),
(951, 'TAMAZULA', 10, 35, 1274, 1305, 1),
(952, 'TEPEHUANES', 10, 36, 1306, 1332, 1),
(953, 'TLAHUALILO', 10, 37, 1333, 1359, 3),
(954, 'TOPIA', 10, 38, 1360, 1373, 1),
(955, 'VICENTE GUERRERO', 10, 39, 1374, 1390, 3),
(956, 'SANTIAGO PAPASQUIARO', 10, 33, 1391, 1391, 1),
(957, 'ABASOLO', 11, 1, 1, 50, 11),
(958, 'ACAMBARO', 11, 2, 51, 140, 14),
(959, 'SAN MIGUEL DE ALLENDE', 11, 3, 141, 243, 2),
(960, 'APASEO EL ALTO', 11, 4, 244, 287, 14),
(961, 'APASEO EL GRANDE', 11, 5, 288, 330, 14),
(962, 'ATARJEA', 11, 6, 331, 335, 1),
(963, 'CELAYA', 11, 7, 336, 435, 12),
(964, 'CELAYA', 11, 7, 436, 437, 13),
(965, 'CELAYA', 11, 7, 438, 446, 12),
(966, 'CELAYA', 11, 7, 447, 452, 13),
(967, 'CELAYA', 11, 7, 453, 464, 12),
(968, 'CELAYA', 11, 7, 465, 468, 13),
(969, 'CELAYA', 11, 7, 469, 473, 12),
(970, 'CELAYA', 11, 7, 474, 481, 13),
(971, 'CELAYA', 11, 7, 482, 482, 12),
(972, 'CELAYA', 11, 7, 483, 492, 13),
(973, 'CELAYA', 11, 7, 493, 533, 12),
(974, 'CELAYA', 11, 7, 534, 538, 13),
(975, 'CELAYA', 11, 7, 539, 539, 12),
(976, 'CELAYA', 11, 7, 540, 541, 13),
(977, 'CELAYA', 11, 7, 542, 550, 12),
(978, 'CELAYA', 11, 7, 551, 552, 13),
(979, 'CELAYA', 11, 7, 553, 561, 12),
(980, 'CELAYA', 11, 7, 562, 565, 13),
(981, 'CELAYA', 11, 7, 566, 566, 12),
(982, 'MANUEL DOBLADO', 11, 8, 567, 608, 11),
(983, 'COMONFORT', 11, 9, 609, 651, 2),
(984, 'CORONEO', 11, 10, 652, 661, 14),
(985, 'CORTAZAR', 11, 11, 662, 716, 13),
(986, 'CUERAMARO', 11, 12, 717, 739, 11),
(987, 'DOCTOR MORA', 11, 13, 740, 751, 2),
(988, 'DOLORES HIDALGO CUNA DE LA INDEPENDENCIA NACIONAL', 11, 14, 752, 822, 4),
(989, 'GUANAJUATO', 11, 15, 823, 915, 4),
(990, 'HUANIMARO', 11, 16, 916, 928, 11),
(991, 'IRAPUATO', 11, 17, 929, 930, 9),
(992, 'IRAPUATO', 11, 17, 931, 932, 4),
(993, 'IRAPUATO', 11, 17, 933, 939, 9),
(994, 'IRAPUATO', 11, 17, 940, 941, 4),
(995, 'IRAPUATO', 11, 17, 942, 944, 9),
(996, 'IRAPUATO', 11, 17, 945, 945, 4),
(997, 'IRAPUATO', 11, 17, 946, 950, 9),
(998, 'IRAPUATO', 11, 17, 951, 951, 4),
(999, 'IRAPUATO', 11, 17, 952, 963, 9),
(1000, 'IRAPUATO', 11, 17, 964, 969, 4),
(1001, 'IRAPUATO', 11, 17, 970, 978, 9),
(1002, 'IRAPUATO', 11, 17, 979, 981, 4),
(1003, 'IRAPUATO', 11, 17, 982, 996, 9),
(1004, 'IRAPUATO', 11, 17, 997, 1000, 4),
(1005, 'IRAPUATO', 11, 17, 1001, 1024, 9),
(1006, 'IRAPUATO', 11, 17, 1025, 1029, 4),
(1007, 'IRAPUATO', 11, 17, 1030, 1116, 9),
(1008, 'IRAPUATO', 11, 17, 1117, 1121, 4),
(1009, 'IRAPUATO', 11, 17, 1122, 1124, 9),
(1010, 'IRAPUATO', 11, 17, 1125, 1126, 4),
(1011, 'IRAPUATO', 11, 17, 1127, 1127, 9),
(1012, 'IRAPUATO', 11, 17, 1128, 1129, 4),
(1013, 'IRAPUATO', 11, 17, 1130, 1132, 9),
(1014, 'IRAPUATO', 11, 17, 1133, 1134, 4),
(1015, 'IRAPUATO', 11, 17, 1135, 1135, 9),
(1016, 'IRAPUATO', 11, 17, 1136, 1137, 4),
(1017, 'IRAPUATO', 11, 17, 1138, 1139, 9),
(1018, 'IRAPUATO', 11, 17, 1140, 1141, 4),
(1019, 'IRAPUATO', 11, 17, 1142, 1143, 9),
(1020, 'IRAPUATO', 11, 17, 1144, 1148, 4),
(1021, 'IRAPUATO', 11, 17, 1149, 1155, 9),
(1022, 'IRAPUATO', 11, 17, 1156, 1156, 4),
(1023, 'IRAPUATO', 11, 17, 1157, 1158, 9),
(1024, 'IRAPUATO', 11, 17, 1159, 1159, 4),
(1025, 'IRAPUATO', 11, 17, 1160, 1162, 9),
(1026, 'IRAPUATO', 11, 17, 1163, 1163, 4),
(1027, 'IRAPUATO', 11, 17, 1164, 1177, 9),
(1028, 'JARAL DEL PROGRESO', 11, 18, 1178, 1203, 13),
(1029, 'JERECUARO', 11, 19, 1204, 1260, 14),
(1030, 'LEON', 11, 20, 1261, 1264, 5),
(1031, 'LEON', 11, 20, 1265, 1266, 3),
(1032, 'LEON', 11, 20, 1267, 1269, 5),
(1033, 'LEON', 11, 20, 1270, 1280, 3),
(1034, 'LEON', 11, 20, 1281, 1282, 5),
(1035, 'LEON', 11, 20, 1283, 1289, 3),
(1036, 'LEON', 11, 20, 1290, 1291, 5),
(1037, 'LEON', 11, 20, 1292, 1312, 3),
(1038, 'LEON', 11, 20, 1313, 1313, 5),
(1039, 'LEON', 11, 20, 1314, 1398, 3),
(1040, 'LEON', 11, 20, 1399, 1402, 5),
(1041, 'LEON', 11, 20, 1403, 1420, 3),
(1042, 'LEON', 11, 20, 1421, 1421, 6),
(1043, 'LEON', 11, 20, 1422, 1426, 5),
(1044, 'LEON', 11, 20, 1427, 1428, 6),
(1045, 'LEON', 11, 20, 1429, 1440, 3),
(1046, 'LEON', 11, 20, 1441, 1441, 6),
(1047, 'LEON', 11, 20, 1442, 1443, 3),
(1048, 'LEON', 11, 20, 1444, 1449, 6),
(1049, 'LEON', 11, 20, 1450, 1453, 3),
(1050, 'LEON', 11, 20, 1454, 1457, 6),
(1051, 'LEON', 11, 20, 1458, 1459, 5),
(1052, 'LEON', 11, 20, 1460, 1469, 6),
(1053, 'LEON', 11, 20, 1470, 1470, 3),
(1054, 'LEON', 11, 20, 1471, 1471, 5),
(1055, 'LEON', 11, 20, 1472, 1472, 3),
(1056, 'LEON', 11, 20, 1473, 1473, 5),
(1057, 'LEON', 11, 20, 1474, 1476, 3),
(1058, 'LEON', 11, 20, 1477, 1478, 5),
(1059, 'LEON', 11, 20, 1479, 1482, 3),
(1060, 'LEON', 11, 20, 1483, 1484, 5),
(1061, 'LEON', 11, 20, 1485, 1489, 3),
(1062, 'LEON', 11, 20, 1490, 1494, 5),
(1063, 'LEON', 11, 20, 1495, 1500, 3),
(1064, 'LEON', 11, 20, 1501, 1502, 6),
(1065, 'LEON', 11, 20, 1503, 1506, 3),
(1066, 'LEON', 11, 20, 1507, 1507, 6),
(1067, 'LEON', 11, 20, 1508, 1510, 3),
(1068, 'LEON', 11, 20, 1511, 1511, 6),
(1069, 'LEON', 11, 20, 1512, 1513, 3),
(1070, 'LEON', 11, 20, 1514, 1673, 6),
(1071, 'LEON', 11, 20, 1674, 1821, 5),
(1072, 'LEON', 11, 20, 1823, 1841, 5),
(1073, 'LEON', 11, 20, 1842, 1845, 6),
(1074, 'LEON', 11, 20, 1846, 1847, 5),
(1075, 'LEON', 11, 20, 1848, 1858, 6),
(1076, 'MOROLEON', 11, 21, 1859, 1893, 10),
(1077, 'OCAMPO', 11, 22, 1894, 1911, 1),
(1078, 'PENJAMO', 11, 23, 1912, 2025, 11),
(1079, 'PUEBLO NUEVO', 11, 24, 2026, 2033, 8),
(1080, 'PURISIMA DEL RINCON', 11, 25, 2034, 2058, 7),
(1081, 'ROMITA', 11, 26, 2059, 2108, 7),
(1082, 'SALAMANCA', 11, 27, 2109, 2262, 8),
(1083, 'SALVATIERRA', 11, 28, 2263, 2346, 10),
(1084, 'SAN DIEGO DE LA UNION', 11, 29, 2347, 2374, 1),
(1085, 'SAN FELIPE', 11, 30, 2375, 2445, 1),
(1086, 'SAN FRANCISCO DEL RINCON', 11, 31, 2446, 2504, 7),
(1087, 'SAN JOSE ITURBIDE', 11, 32, 2505, 2542, 2),
(1088, 'SAN LUIS DE LA PAZ', 11, 33, 2543, 2561, 1),
(1089, 'SAN LUIS DE LA PAZ', 11, 33, 2563, 2602, 1),
(1090, 'SANTA CATARINA', 11, 34, 2603, 2607, 1),
(1091, 'SANTA CRUZ DE JUVENTINO ROSAS', 11, 35, 2608, 2643, 8),
(1092, 'SANTIAGO MARAVATIO', 11, 36, 2644, 2653, 10),
(1093, 'SILAO', 11, 37, 2654, 2731, 7),
(1094, 'TARANDACUAO', 11, 38, 2732, 2743, 14),
(1095, 'TARIMORO', 11, 39, 2744, 2777, 10),
(1096, 'TIERRA BLANCA', 11, 40, 2778, 2789, 2),
(1097, 'URIANGATO', 11, 41, 2790, 2815, 10),
(1098, 'VALLE DE SANTIAGO', 11, 42, 2816, 2890, 13),
(1099, 'VICTORIA', 11, 43, 2891, 2905, 1),
(1100, 'VILLAGRAN', 11, 44, 2906, 2933, 8),
(1101, 'XICHU', 11, 45, 2934, 2946, 1),
(1102, 'XICHU', 11, 45, 2948, 2948, 1),
(1103, 'YURIRIA', 11, 46, 2949, 3005, 10),
(1104, 'LEON', 11, 20, 3006, 3030, 5),
(1105, 'ACAPULCO DE JUAREZ', 12, 1, 1, 114, 4),
(1106, 'ACAPULCO DE JUAREZ', 12, 1, 115, 119, 9),
(1107, 'ACAPULCO DE JUAREZ', 12, 1, 120, 128, 4),
(1108, 'ACAPULCO DE JUAREZ', 12, 1, 129, 142, 9),
(1109, 'ACAPULCO DE JUAREZ', 12, 1, 143, 144, 4),
(1110, 'ACAPULCO DE JUAREZ', 12, 1, 145, 162, 9),
(1111, 'ACAPULCO DE JUAREZ', 12, 1, 163, 171, 4),
(1112, 'ACAPULCO DE JUAREZ', 12, 1, 172, 186, 9),
(1113, 'ACAPULCO DE JUAREZ', 12, 1, 187, 200, 4),
(1114, 'ACAPULCO DE JUAREZ', 12, 1, 201, 217, 9),
(1115, 'ACAPULCO DE JUAREZ', 12, 1, 218, 242, 4),
(1116, 'ACAPULCO DE JUAREZ', 12, 1, 243, 247, 9),
(1117, 'ACAPULCO DE JUAREZ', 12, 1, 248, 261, 4),
(1118, 'ACAPULCO DE JUAREZ', 12, 1, 262, 269, 9),
(1119, 'ACAPULCO DE JUAREZ', 12, 1, 270, 277, 4),
(1120, 'ACAPULCO DE JUAREZ', 12, 1, 278, 312, 9),
(1121, 'ACAPULCO DE JUAREZ', 12, 1, 313, 325, 4),
(1122, 'ACAPULCO DE JUAREZ', 12, 1, 326, 331, 9),
(1123, 'ACAPULCO DE JUAREZ', 12, 1, 332, 338, 4),
(1124, 'ACAPULCO DE JUAREZ', 12, 1, 339, 342, 9),
(1125, 'ACAPULCO DE JUAREZ', 12, 1, 343, 347, 4),
(1126, 'ACAPULCO DE JUAREZ', 12, 1, 348, 352, 9),
(1127, 'ACAPULCO DE JUAREZ', 12, 1, 353, 353, 4),
(1128, 'ACAPULCO DE JUAREZ', 12, 1, 354, 383, 9),
(1129, 'AHUACUOTZINGO', 12, 2, 384, 410, 6),
(1130, 'AJUCHITLAN DEL PROGRESO', 12, 3, 411, 455, 1),
(1131, 'ALCOZAUCA DE GUERRERO', 12, 4, 456, 473, 5),
(1132, 'ALPOYECA', 12, 5, 474, 478, 5),
(1133, 'APAXTLA', 12, 6, 479, 499, 1),
(1134, 'ARCELIA', 12, 7, 500, 525, 1),
(1135, 'ARCELIA', 12, 7, 527, 552, 1),
(1136, 'ATENANGO DEL RIO', 12, 8, 553, 563, 6),
(1137, 'ATLAMAJALCINGO DEL MONTE', 12, 9, 564, 572, 5),
(1138, 'ATLIXTAC', 12, 10, 573, 595, 5),
(1139, 'ATOYAC DE ALVAREZ', 12, 11, 596, 647, 3),
(1140, 'ATOYAC DE ALVAREZ', 12, 11, 649, 670, 3),
(1141, 'AYUTLA DE LOS LIBRES', 12, 12, 671, 724, 8),
(1142, 'AZOYU', 12, 13, 725, 756, 8),
(1143, 'AZOYU', 12, 13, 758, 762, 8),
(1144, 'BENITO JUAREZ', 12, 14, 763, 777, 3),
(1145, 'BUENAVISTA DE CUELLAR', 12, 15, 778, 788, 6),
(1146, 'COAHUAYUTLA DE JOSE MARIA IZAZAGA', 12, 16, 789, 819, 3),
(1147, 'COCULA', 12, 17, 820, 843, 2),
(1148, 'COPALA', 12, 18, 844, 857, 8),
(1149, 'COPALILLO', 12, 19, 858, 867, 6),
(1150, 'COPANATOYAC', 12, 20, 868, 882, 5),
(1151, 'COYUCA DE BENITEZ', 12, 21, 883, 942, 7),
(1152, 'COYUCA DE CATALAN', 12, 22, 943, 1000, 1),
(1153, 'CUAJINICUILAPA', 12, 23, 1001, 1029, 8),
(1154, 'CUALAC', 12, 24, 1030, 1036, 6),
(1155, 'CUAUTEPEC', 12, 25, 1037, 1049, 8),
(1156, 'CUETZALA DEL PROGRESO', 12, 26, 1050, 1066, 2),
(1157, 'CUTZAMALA DE PINZON', 12, 27, 1067, 1077, 1),
(1158, 'CUTZAMALA DE PINZON', 12, 27, 1079, 1111, 1),
(1159, 'CHILAPA DE ALVAREZ', 12, 28, 1112, 1184, 6),
(1160, 'JOSE JOAQUIN DE HERRERA', 12, 77, 1185, 1185, 5),
(1161, 'CHILAPA DE ALVAREZ', 12, 28, 1186, 1189, 6),
(1162, 'JOSE JOAQUIN DE HERRERA', 12, 77, 1190, 1192, 5),
(1163, 'CHILAPA DE ALVAREZ', 12, 28, 1193, 1194, 6),
(1164, 'JOSE JOAQUIN DE HERRERA', 12, 77, 1195, 1196, 5),
(1165, 'CHILAPA DE ALVAREZ', 12, 28, 1197, 1197, 6),
(1166, 'JOSE JOAQUIN DE HERRERA', 12, 77, 1198, 1199, 5),
(1167, 'CHILAPA DE ALVAREZ', 12, 28, 1200, 1203, 6),
(1168, 'CHILPANCINGO DE LOS BRAVO', 12, 29, 1204, 1271, 7),
(1169, 'CHILPANCINGO DE LOS BRAVO', 12, 29, 1273, 1308, 7),
(1170, 'EDUARDO NERI', 12, 30, 1309, 1338, 6),
(1171, 'FLORENCIO VILLARREAL', 12, 31, 1339, 1342, 8),
(1172, 'TECOANAPA', 12, 57, 2223, 2261, 8),
(1173, 'TECPAN DE GALEANA', 12, 58, 2262, 2281, 3),
(1174, 'TECPAN DE GALEANA', 12, 58, 2283, 2330, 3),
(1175, 'TELOLOAPAN', 12, 59, 2331, 2356, 2),
(1176, 'TELOLOAPAN', 12, 59, 2358, 2394, 2),
(1177, 'TELOLOAPAN', 12, 59, 2396, 2419, 2),
(1178, 'TEPECOACUILCO DE TRUJANO', 12, 60, 2420, 2450, 6),
(1179, 'TETIPAC', 12, 61, 2451, 2478, 2),
(1180, 'TIXTLA DE GUERRERO', 12, 62, 2479, 2497, 7),
(1181, 'TIXTLA DE GUERRERO', 12, 62, 2499, 2508, 7),
(1182, 'TLACOACHISTLAHUACA', 12, 63, 2509, 2522, 5),
(1183, 'TLACOAPA', 12, 64, 2523, 2532, 5),
(1184, 'TLALCHAPA', 12, 65, 2533, 2553, 1),
(1185, 'TLALIXTAQUILLA DE MALDONADO', 12, 66, 2554, 2561, 5),
(1186, 'TLAPA DE COMONFORT', 12, 67, 2562, 2599, 5),
(1187, 'TLAPEHUALA', 12, 68, 2600, 2621, 1),
(1188, 'LA UNION DE ISIDORO MONTES DE OCA', 12, 69, 2622, 2654, 3),
(1189, 'XALPATLAHUAC', 12, 70, 2655, 2668, 5),
(1190, 'XOCHIHUEHUETLAN', 12, 71, 2669, 2677, 6),
(1191, 'XOCHISTLAHUACA', 12, 72, 2678, 2692, 5),
(1192, 'ZAPOTITLAN TABLAS', 12, 73, 2693, 2700, 5),
(1193, 'ACATEPEC', 12, 76, 2701, 2701, 5),
(1194, 'ZAPOTITLAN TABLAS', 12, 73, 2702, 2702, 5),
(1195, 'ACATEPEC', 12, 76, 2703, 2703, 5),
(1196, 'ACATEPEC', 12, 76, 2705, 2713, 5),
(1197, 'ZAPOTITLAN TABLAS', 12, 73, 2714, 2714, 5),
(1198, 'ACATEPEC', 12, 76, 2715, 2721, 5),
(1199, 'ACATEPEC', 12, 76, 2723, 2724, 5),
(1200, 'ZIRANDARO', 12, 74, 2725, 2751, 1),
(1201, 'ZITLALA', 12, 75, 2752, 2771, 6),
(1202, 'ACATEPEC', 12, 76, 2772, 2777, 5),
(1203, 'JOSE JOAQUIN DE HERRERA', 12, 77, 2783, 2783, 5),
(1204, 'JUAN R. ESCUDERO', 12, 40, 2784, 2784, 8),
(1205, 'CHILAPA DE ALVAREZ', 12, 28, 2785, 2785, 6),
(1206, 'ACATEPEC', 12, 76, 2786, 2786, 5),
(1207, 'ILIATENCO', 12, 78, 2787, 2787, 5),
(1208, 'ACATLAN', 13, 1, 1, 12, 4),
(1209, 'ACAXOCHITLAN', 13, 2, 13, 33, 4),
(1210, 'ACTOPAN', 13, 3, 34, 68, 3),
(1211, 'NICOLAS FLORES', 13, 43, 780, 801, 2),
(1212, 'NOPALA DE VILLAGRAN', 13, 44, 802, 811, 5),
(1213, 'OMITLAN DE JUAREZ', 13, 45, 812, 821, 4),
(1214, 'PACULA', 13, 46, 822, 831, 2),
(1215, 'PACHUCA DE SOTO', 13, 47, 832, 928, 6),
(1216, 'MINERAL DE LA REFORMA', 13, 40, 929, 929, 6),
(1217, 'PACHUCA DE SOTO', 13, 47, 930, 936, 6),
(1218, 'MINERAL DE LA REFORMA', 13, 40, 937, 938, 6),
(1219, 'PACHUCA DE SOTO', 13, 47, 939, 961, 6),
(1220, 'PISAFLORES', 13, 48, 962, 981, 2),
(1221, 'PROGRESO DE OBREGON', 13, 49, 982, 993, 3),
(1222, 'SAN AGUSTIN METZQUITITLAN', 13, 50, 994, 1007, 3),
(1223, 'SAN AGUSTIN TLAXIACA', 13, 51, 1008, 1025, 3),
(1224, 'SAN BARTOLO TUTOTEPEC', 13, 52, 1026, 1042, 4),
(1225, 'SAN FELIPE ORIZATLAN', 13, 53, 1043, 1066, 1),
(1226, 'SAN SALVADOR', 13, 54, 1067, 1090, 2),
(1227, 'SANTIAGO DE ANAYA', 13, 55, 1091, 1109, 2),
(1228, 'SANTIAGO TULANTEPEC DE LUGO GUERRERO', 13, 56, 1110, 1120, 7),
(1229, 'SINGUILUCAN', 13, 57, 1121, 1131, 7),
(1230, 'TASQUILLO', 13, 58, 1132, 1151, 2),
(1231, 'TECOZAUTLA', 13, 59, 1152, 1176, 2);
INSERT INTO `distritos` (`id`, `nombre`, `estado`, `municipio`, `inicio`, `fin`, `distrito`) VALUES
(1232, 'TENANGO DE DORIA', 13, 60, 1177, 1190, 4),
(1233, 'TEPEAPULCO', 13, 61, 1191, 1228, 7),
(1234, 'TEPEHUACAN DE GUERRERO', 13, 62, 1229, 1261, 1),
(1235, 'TEPEJI DEL RIO DE OCAMPO', 13, 63, 1262, 1294, 5),
(1236, 'TEPETITLAN', 13, 64, 1295, 1302, 5),
(1237, 'TETEPANGO', 13, 65, 1303, 1309, 3),
(1238, 'TEZONTEPEC DE ALDAMA', 13, 66, 1310, 1332, 5),
(1239, 'TIANGUISTENGO', 13, 67, 1333, 1348, 1),
(1240, 'TIZAYUCA', 13, 68, 1349, 1368, 7),
(1241, 'TLAHUELILPAN', 13, 69, 1369, 1377, 3),
(1242, 'TLAHUILTEPA', 13, 70, 1378, 1394, 3),
(1243, 'TLANALAPA', 13, 71, 1395, 1402, 7),
(1244, 'TLANCHINOL', 13, 72, 1403, 1428, 1),
(1245, 'TLAXCOAPAN', 13, 73, 1429, 1440, 5),
(1246, 'TOLCAYUCA', 13, 74, 1441, 1448, 7),
(1247, 'TULA DE ALLENDE', 13, 75, 1449, 1501, 5),
(1248, 'TULANCINGO DE BRAVO', 13, 76, 1502, 1555, 4),
(1249, 'ZAPOTLAN EL GRANDE', 14, 23, 333, 383, 19),
(1250, 'SAN GABRIEL', 14, 24, 384, 393, 19),
(1251, 'COCULA', 14, 25, 394, 410, 18),
(1252, 'COLOTLAN', 14, 26, 411, 426, 1),
(1253, 'CONCEPCION DE BUENOS AIRES', 14, 27, 427, 431, 17),
(1254, 'CUAUTITLAN DE GARCIA BARRAGAN', 14, 28, 432, 440, 18),
(1255, 'CUAUTLA', 14, 29, 441, 444, 5),
(1256, 'CUQUIO', 14, 30, 445, 456, 1),
(1257, 'CHAPALA', 14, 31, 457, 475, 17),
(1258, 'CHIMALTITAN', 14, 32, 476, 478, 1),
(1259, 'CHIQUILISTLAN', 14, 33, 479, 482, 18),
(1260, 'DEGOLLADO', 14, 34, 483, 498, 15),
(1261, 'EJUTLA', 14, 35, 499, 500, 18),
(1262, 'ENCARNACION DE DIAZ', 14, 36, 501, 514, 2),
(1263, 'ENCARNACION DE DIAZ', 14, 36, 517, 529, 2),
(1264, 'ETZATLAN', 14, 37, 530, 540, 1),
(1265, 'GOMEZ FARIAS', 14, 38, 541, 548, 19),
(1266, 'EL GRULLO', 14, 39, 549, 560, 18),
(1267, 'GUACHINANGO', 14, 40, 561, 569, 5),
(1268, 'GUADALAJARA', 14, 41, 570, 632, 8),
(1269, 'GUADALAJARA', 14, 41, 633, 666, 11),
(1270, 'GUADALAJARA', 14, 41, 667, 692, 8),
(1271, 'GUADALAJARA', 14, 41, 693, 733, 11),
(1272, 'GUADALAJARA', 14, 41, 734, 743, 8),
(1273, 'GUADALAJARA', 14, 41, 744, 749, 11),
(1274, 'GUADALAJARA', 14, 41, 750, 754, 8),
(1275, 'GUADALAJARA', 14, 41, 755, 756, 11),
(1276, 'GUADALAJARA', 14, 41, 757, 757, 8),
(1277, 'GUADALAJARA', 14, 41, 758, 771, 14),
(1278, 'GUADALAJARA', 14, 41, 772, 778, 13),
(1279, 'GUADALAJARA', 14, 41, 779, 779, 14),
(1280, 'GUADALAJARA', 14, 41, 780, 790, 13),
(1281, 'GUADALAJARA', 14, 41, 791, 928, 14),
(1282, 'GUADALAJARA', 14, 41, 929, 933, 13),
(1283, 'GUADALAJARA', 14, 41, 935, 1008, 13),
(1284, 'GUADALAJARA', 14, 41, 1009, 1049, 8),
(1285, 'GUADALAJARA', 14, 41, 1050, 1057, 13),
(1286, 'GUADALAJARA', 14, 41, 1058, 1058, 14),
(1287, 'GUADALAJARA', 14, 41, 1059, 1076, 13),
(1288, 'GUADALAJARA', 14, 41, 1077, 1086, 14),
(1289, 'GUADALAJARA', 14, 41, 1087, 1186, 8),
(1290, 'EL SALTO', 14, 72, 2024, 2049, 12),
(1291, 'SAN CRISTOBAL DE LA BARRANCA', 14, 73, 2050, 2054, 1),
(1292, 'SAN DIEGO DE ALEJANDRIA', 14, 74, 2055, 2062, 3),
(1293, 'SAN JUAN DE LOS LAGOS', 14, 75, 2063, 2096, 2),
(1294, 'SAN JULIAN', 14, 76, 2097, 2106, 3),
(1295, 'SAN MARCOS', 14, 77, 2107, 2109, 1),
(1296, 'SAN MARTIN DE BOLAÑOS', 14, 78, 2110, 2114, 1),
(1297, 'SAN MARTIN HIDALGO', 14, 79, 2115, 2131, 18),
(1298, 'SAN MIGUEL EL ALTO', 14, 80, 2132, 2149, 3),
(1299, 'SAN SEBASTIAN DEL OESTE', 14, 81, 2150, 2156, 5),
(1300, 'SANTA MARIA DE LOS ANGELES', 14, 82, 2157, 2161, 1),
(1301, 'SAYULA', 14, 83, 2162, 2180, 19),
(1302, 'TALA', 14, 84, 2181, 2211, 1),
(1303, 'TALPA DE ALLENDE', 14, 85, 2212, 2222, 5),
(1304, 'TAMAZULA DE GORDIANO', 14, 86, 2223, 2259, 19),
(1305, 'TAPALPA', 14, 87, 2260, 2268, 19),
(1306, 'TECALITLAN', 14, 88, 2269, 2284, 19),
(1307, 'TECOLOTLAN', 14, 89, 2285, 2297, 18),
(1308, 'TECHALUTA DE MONTENEGRO', 14, 90, 2298, 2300, 17),
(1309, 'TENAMAXTLAN', 14, 91, 2301, 2306, 18),
(1310, 'TEOCALTICHE', 14, 92, 2307, 2329, 2),
(1311, 'TEOCUITATLAN DE CORONA', 14, 93, 2330, 2339, 17),
(1312, 'TEPATITLAN DE MORELOS', 14, 94, 2340, 2375, 3),
(1313, 'TEPATITLAN DE MORELOS', 14, 94, 2377, 2395, 3),
(1314, 'TEQUILA', 14, 95, 2396, 2417, 1),
(1315, 'TEUCHITLAN', 14, 96, 2418, 2423, 1),
(1316, 'TIZAPAN EL ALTO', 14, 97, 2424, 2437, 17),
(1317, 'TLAJOMULCO DE ZUÑIGA', 14, 98, 2438, 2443, 12),
(1318, 'TLAJOMULCO DE ZUÑIGA', 14, 98, 2445, 2450, 12),
(1319, 'TLAJOMULCO DE ZUÑIGA', 14, 98, 2452, 2472, 12),
(1320, 'TLAQUEPAQUE', 14, 99, 2473, 2525, 16),
(1321, 'TLAQUEPAQUE', 14, 99, 2526, 2526, 12),
(1322, 'TLAQUEPAQUE', 14, 99, 2527, 2527, 16),
(1323, 'TLAQUEPAQUE', 14, 99, 2528, 2531, 12),
(1324, 'TLAQUEPAQUE', 14, 99, 2532, 2532, 16),
(1325, 'TLAQUEPAQUE', 14, 99, 2533, 2548, 12),
(1326, 'TLAQUEPAQUE', 14, 99, 2549, 2554, 16),
(1327, 'TLAQUEPAQUE', 14, 99, 2555, 2567, 12),
(1328, 'ZAPOPAN', 14, 120, 3140, 3145, 6),
(1329, 'ZAPOPAN', 14, 120, 3146, 3169, 10),
(1330, 'ZAPOPAN', 14, 120, 3170, 3171, 6),
(1331, 'TLAQUEPAQUE', 14, 99, 3172, 3172, 16),
(1332, 'ZAPOPAN', 14, 120, 3173, 3198, 10),
(1333, 'TLAQUEPAQUE', 14, 99, 3199, 3199, 16),
(1334, 'ZAPOPAN', 14, 120, 3200, 3200, 10),
(1335, 'TLAQUEPAQUE', 14, 99, 3201, 3204, 16),
(1336, 'ZAPOPAN', 14, 120, 3205, 3225, 10),
(1337, 'ZAPOPAN', 14, 120, 3226, 3235, 6),
(1338, 'ZAPOPAN', 14, 120, 3236, 3236, 10),
(1339, 'ZAPOPAN', 14, 120, 3237, 3237, 6),
(1340, 'ZAPOTILTIC', 14, 121, 3238, 3258, 19),
(1341, 'ZAPOTITLAN DE VADILLO', 14, 122, 3259, 3264, 19),
(1342, 'ZAPOTLAN DEL REY', 14, 123, 3265, 3277, 15),
(1343, 'ZAPOTLANEJO', 14, 124, 3278, 3309, 17),
(1344, 'TLAQUEPAQUE', 14, 99, 3310, 3310, 12),
(1345, 'TONALA', 14, 102, 3311, 3311, 7),
(1346, 'TLAQUEPAQUE', 14, 99, 3312, 3314, 16),
(1347, 'GUADALAJARA', 14, 41, 3315, 3315, 14),
(1348, 'TLAQUEPAQUE', 14, 99, 3316, 3355, 16),
(1349, 'GUADALAJARA', 14, 41, 3356, 3356, 6),
(1350, 'SAN IGNACIO CERRO GORDO', 14, 125, 3357, 3357, 3),
(1351, 'ENCARNACION DE DIAZ', 14, 36, 3358, 3362, 2),
(1352, 'ZAPOPAN', 14, 120, 3363, 3387, 6),
(1353, 'TLAJOMULCO DE ZUÑIGA', 14, 98, 3388, 3470, 12),
(1354, 'ACAMBAY', 15, 1, 1, 32, 1),
(1355, 'ACOLMAN', 15, 2, 33, 58, 5),
(1356, 'ACULCO', 15, 3, 59, 81, 1),
(1357, 'ALMOLOYA DE ALQUISIRAS', 15, 4, 82, 93, 36),
(1358, 'ALMOLOYA DE JUAREZ', 15, 5, 94, 150, 23),
(1359, 'ALMOLOYA DEL RIO', 15, 6, 151, 155, 35),
(1360, 'AMANALCO', 15, 7, 156, 165, 23),
(1361, 'AMATEPEC', 15, 8, 166, 192, 36),
(1362, 'AMECAMECA', 15, 9, 193, 218, 33),
(1363, 'APAXCO', 15, 10, 219, 232, 2),
(1364, 'ATENCO', 15, 11, 233, 246, 5),
(1365, 'ATIZAPAN', 15, 12, 247, 249, 35),
(1366, 'ATIZAPAN DE ZARAGOZA', 15, 13, 250, 250, 15),
(1367, 'ATIZAPAN DE ZARAGOZA', 15, 13, 251, 278, 14),
(1368, 'ATIZAPAN DE ZARAGOZA', 15, 13, 279, 279, 15),
(1369, 'CUAUTITLAN IZCALLI', 15, 25, 906, 910, 4),
(1370, 'VALLE DE CHALCO SOLIDARIDAD', 15, 122, 912, 936, 32),
(1371, 'CHALCO', 15, 26, 937, 938, 12),
(1372, 'VALLE DE CHALCO SOLIDARIDAD', 15, 122, 939, 965, 32),
(1373, 'CHALCO', 15, 26, 966, 967, 12),
(1374, 'VALLE DE CHALCO SOLIDARIDAD', 15, 122, 968, 985, 32),
(1375, 'CHALCO', 15, 26, 986, 988, 12),
(1376, 'CHALCO', 15, 26, 989, 990, 33),
(1377, 'CHALCO', 15, 26, 991, 992, 12),
(1378, 'CHALCO', 15, 26, 993, 994, 33),
(1379, 'CHALCO', 15, 26, 995, 995, 12),
(1380, 'CHALCO', 15, 26, 996, 996, 33),
(1381, 'VALLE DE CHALCO SOLIDARIDAD', 15, 122, 997, 1016, 32),
(1382, 'CHALCO', 15, 26, 1017, 1027, 33),
(1383, 'VALLE DE CHALCO SOLIDARIDAD', 15, 122, 1028, 1034, 32),
(1384, 'CHALCO', 15, 26, 1035, 1043, 33),
(1385, 'CHALCO', 15, 26, 1044, 1046, 12),
(1386, 'CHALCO', 15, 26, 1047, 1047, 33),
(1387, 'CHALCO', 15, 26, 1048, 1050, 12),
(1388, 'CHALCO', 15, 26, 1051, 1060, 33),
(1389, 'VALLE DE CHALCO SOLIDARIDAD', 15, 122, 1061, 1061, 32),
(1390, 'CHALCO', 15, 26, 1062, 1080, 33),
(1391, 'CHAPA DE MOTA', 15, 27, 1081, 1094, 1),
(1392, 'CHAPULTEPEC', 15, 28, 1095, 1096, 27),
(1393, 'CHIAUTLA', 15, 29, 1097, 1108, 5),
(1394, 'CHICOLOAPAN', 15, 30, 1109, 1111, 39),
(1395, 'CHICOLOAPAN', 15, 30, 1114, 1140, 39),
(1396, 'CHICONCUAC', 15, 31, 1142, 1148, 5),
(1397, 'CHIMALHUACAN', 15, 32, 1149, 1167, 38),
(1398, 'CHIMALHUACAN', 15, 32, 1168, 1170, 25),
(1399, 'CHIMALHUACAN', 15, 32, 1171, 1172, 38),
(1400, 'CHIMALHUACAN', 15, 32, 1173, 1178, 25),
(1401, 'CHIMALHUACAN', 15, 32, 1179, 1184, 38),
(1402, 'CHIMALHUACAN', 15, 32, 1185, 1200, 25),
(1403, 'CHIMALHUACAN', 15, 32, 1201, 1203, 38),
(1404, 'CHIMALHUACAN', 15, 32, 1204, 1220, 25),
(1405, 'CHIMALHUACAN', 15, 32, 1221, 1221, 38),
(1406, 'CHIMALHUACAN', 15, 32, 1222, 1252, 25),
(1407, 'NEZAHUALCOYOTL', 15, 60, 1253, 1254, 31),
(1408, 'CHIMALHUACAN', 15, 32, 1255, 1257, 25),
(1409, 'NEZAHUALCOYOTL', 15, 60, 1258, 1265, 31),
(1410, 'CHIMALHUACAN', 15, 32, 1266, 1268, 25),
(1411, 'ECATEPEC DE MORELOS', 15, 34, 1581, 1590, 17),
(1412, 'ECATEPEC DE MORELOS', 15, 34, 1591, 1618, 13),
(1413, 'ECATEPEC DE MORELOS', 15, 34, 1619, 1641, 17),
(1414, 'ECATEPEC DE MORELOS', 15, 34, 1642, 1665, 13),
(1415, 'ECATEPEC DE MORELOS', 15, 34, 1666, 1687, 17),
(1416, 'ECATEPEC DE MORELOS', 15, 34, 1688, 1698, 13),
(1417, 'ECATEPEC DE MORELOS', 15, 34, 1699, 1709, 17),
(1418, 'ECATEPEC DE MORELOS', 15, 34, 1710, 1711, 13),
(1419, 'ECATEPEC DE MORELOS', 15, 34, 1712, 1730, 17),
(1420, 'ECATEPEC DE MORELOS', 15, 34, 1732, 1734, 17),
(1421, 'ECATEPEC DE MORELOS', 15, 34, 1735, 1780, 10),
(1422, 'ECATEPEC DE MORELOS', 15, 34, 1782, 1821, 10),
(1423, 'ECATEPEC DE MORELOS', 15, 34, 1822, 1822, 17),
(1424, 'ECATEPEC DE MORELOS', 15, 34, 1823, 1835, 10),
(1425, 'ECATEPEC DE MORELOS', 15, 34, 1836, 1838, 11),
(1426, 'ECATEPEC DE MORELOS', 15, 34, 1839, 1839, 17),
(1427, 'ECATEPEC DE MORELOS', 15, 34, 1840, 1844, 11),
(1428, 'ECATEPEC DE MORELOS', 15, 34, 1845, 1853, 17),
(1429, 'ECATEPEC DE MORELOS', 15, 34, 1854, 1863, 11),
(1430, 'ECATEPEC DE MORELOS', 15, 34, 1864, 1869, 17),
(1431, 'ECATEPEC DE MORELOS', 15, 34, 1870, 1884, 11),
(1432, 'ECATEPEC DE MORELOS', 15, 34, 1885, 1894, 17),
(1433, 'ECATEPEC DE MORELOS', 15, 34, 1895, 1907, 11),
(1434, 'ECATEPEC DE MORELOS', 15, 34, 1908, 1913, 17),
(1435, 'ECATEPEC DE MORELOS', 15, 34, 1914, 1926, 11),
(1436, 'ECATEPEC DE MORELOS', 15, 34, 1927, 1938, 17),
(1437, 'ECATEPEC DE MORELOS', 15, 34, 1939, 1945, 11),
(1438, 'ECATEPEC DE MORELOS', 15, 34, 1946, 1950, 13),
(1439, 'ECATEPEC DE MORELOS', 15, 34, 1951, 1951, 11),
(1440, 'ECATZINGO', 15, 35, 1952, 1955, 33),
(1441, 'HUEHUETOCA', 15, 36, 1956, 1975, 2),
(1442, 'HUEYPOXTLA', 15, 37, 1976, 1991, 28),
(1443, 'HUIXQUILUCAN', 15, 38, 1992, 2067, 18),
(1444, 'ISIDRO FABELA', 15, 39, 2068, 2072, 18),
(1445, 'IXTAPALUCA', 15, 40, 2073, 2080, 12),
(1446, 'IXTAPALUCA', 15, 40, 2082, 2082, 12),
(1447, 'VALLE DE CHALCO SOLIDARIDAD', 15, 122, 2083, 2086, 32),
(1448, 'FLORENCIO VILLARREAL', 12, 31, 1344, 1357, 8),
(1449, 'GENERAL CANUTO A. NERI', 12, 32, 1358, 1367, 2),
(1450, 'GENERAL CANUTO A. NERI', 12, 32, 1369, 1381, 2),
(1451, 'GENERAL HELIODORO CASTILLO', 12, 33, 1382, 1399, 1),
(1452, 'GENERAL HELIODORO CASTILLO', 12, 33, 1401, 1431, 1),
(1453, 'HUAMUXTITLAN', 12, 34, 1432, 1443, 6),
(1454, 'HUITZUCO DE LOS FIGUEROA', 12, 35, 1444, 1479, 6),
(1455, 'IGUALA DE LA INDEPENDENCIA', 12, 36, 1480, 1564, 2),
(1456, 'IGUALAPA', 12, 37, 1565, 1575, 5),
(1457, 'IXCATEOPAN DE CUAUHTEMOC', 12, 38, 1576, 1588, 2),
(1458, 'ZIHUATANEJO DE AZUETA', 12, 39, 1589, 1653, 3),
(1459, 'JUAN R. ESCUDERO', 12, 40, 1654, 1676, 8),
(1460, 'LEONARDO BRAVO', 12, 41, 1677, 1698, 1),
(1461, 'MALINALTEPEC', 12, 42, 1699, 1708, 5),
(1462, 'ILIATENCO', 12, 78, 1709, 1709, 5),
(1463, 'MALINALTEPEC', 12, 42, 1710, 1711, 5),
(1464, 'ILIATENCO', 12, 78, 1712, 1714, 5),
(1465, 'MALINALTEPEC', 12, 42, 1715, 1718, 5),
(1466, 'MARTIR DE CUILAPAN', 12, 43, 1719, 1734, 6),
(1467, 'METLATONOC', 12, 44, 1735, 1762, 5),
(1468, 'IGUALAPA', 12, 37, 1763, 1763, 5),
(1469, 'MOCHITLAN', 12, 45, 1764, 1778, 7),
(1470, 'MOCHITLAN', 12, 45, 1780, 1781, 7),
(1471, 'MOCHITLAN', 12, 45, 1783, 1783, 7),
(1472, 'OLINALA', 12, 46, 1784, 1808, 6),
(1473, 'OMETEPEC', 12, 47, 1809, 1846, 8),
(1474, 'PEDRO ASCENCIO ALQUISIRAS', 12, 48, 1847, 1874, 2),
(1475, 'PETATLAN', 12, 49, 1875, 1932, 3),
(1476, 'PILCAYA', 12, 50, 1933, 1949, 2),
(1477, 'PUNGARABATO', 12, 51, 1950, 1972, 1),
(1478, 'QUECHULTENANGO', 12, 52, 1973, 2014, 7),
(1479, 'SAN LUIS ACATLAN', 12, 53, 2015, 2018, 5),
(1480, 'ILIATENCO', 12, 78, 2019, 2019, 5),
(1481, 'SAN LUIS ACATLAN', 12, 53, 2020, 2040, 5),
(1482, 'SAN MARCOS', 12, 54, 2041, 2080, 8),
(1483, 'SAN MARCOS', 12, 54, 2082, 2091, 8),
(1484, 'SAN MIGUEL TOTOLAPAN', 12, 55, 2092, 2133, 1),
(1485, 'TAXCO DE ALARCON', 12, 56, 2134, 2222, 2),
(1486, 'AGUA BLANCA DE ITURBIDE', 13, 4, 69, 80, 4),
(1487, 'AJACUBA', 13, 5, 81, 91, 3),
(1488, 'ALFAJAYUCAN', 13, 6, 92, 113, 2),
(1489, 'ALMOLOYA', 13, 7, 114, 126, 7),
(1490, 'APAN', 13, 8, 127, 151, 7),
(1491, 'ATITALAQUIA', 13, 9, 152, 161, 5),
(1492, 'ATLAPEXCO', 13, 10, 162, 177, 1),
(1493, 'ATOTONILCO EL GRANDE', 13, 11, 178, 205, 3),
(1494, 'ATOTONILCO DE TULA', 13, 12, 206, 223, 5),
(1495, 'CALNALI', 13, 13, 224, 239, 1),
(1496, 'CARDONAL', 13, 14, 240, 256, 2),
(1497, 'CUAUTEPEC DE HINOJOSA', 13, 15, 257, 280, 7),
(1498, 'CHAPANTONGO', 13, 16, 281, 290, 5),
(1499, 'CHAPULHUACAN', 13, 17, 291, 315, 2),
(1500, 'CHILCUAUTLA', 13, 18, 316, 330, 2),
(1501, 'EL ARENAL', 13, 19, 331, 341, 3),
(1502, 'ELOXOCHITLAN', 13, 20, 342, 349, 3),
(1503, 'EMILIANO ZAPATA', 13, 21, 350, 357, 7),
(1504, 'EPAZOYUCAN', 13, 22, 358, 368, 7),
(1505, 'FRANCISCO I. MADERO', 13, 23, 369, 385, 3),
(1506, 'HUASCA DE OCAMPO', 13, 24, 386, 404, 4),
(1507, 'HUAUTLA', 13, 25, 405, 430, 1),
(1508, 'HUAZALINGO', 13, 26, 431, 440, 1),
(1509, 'HUEHUETLA', 13, 27, 441, 456, 4),
(1510, 'HUEJUTLA DE REYES', 13, 28, 457, 509, 1),
(1511, 'HUICHAPAN', 13, 29, 510, 546, 5),
(1512, 'IXMIQUILPAN', 13, 30, 547, 607, 2),
(1513, 'JACALA DE LEDEZMA', 13, 31, 608, 629, 2),
(1514, 'JALTOCAN', 13, 32, 630, 641, 1),
(1515, 'JUAREZ HIDALGO', 13, 33, 642, 645, 3),
(1516, 'LA MISION', 13, 34, 646, 656, 2),
(1517, 'LOLOTLA', 13, 35, 657, 664, 1),
(1518, 'METEPEC', 13, 36, 665, 673, 4),
(1519, 'METZTITLAN', 13, 37, 674, 699, 3),
(1520, 'MINERAL DEL CHICO', 13, 38, 700, 712, 3),
(1521, 'MINERAL DEL MONTE', 13, 39, 713, 724, 4),
(1522, 'MINERAL DE LA REFORMA', 13, 40, 725, 741, 6),
(1523, 'PACHUCA DE SOTO', 13, 47, 742, 742, 6),
(1524, 'MIXQUIAHUALA DE JUAREZ', 13, 41, 743, 764, 3),
(1525, 'MOLANGO DE ESCAMILLA', 13, 42, 765, 779, 3),
(1526, 'VILLA DE TEZONTEPEC', 13, 77, 1556, 1562, 7),
(1527, 'XOCHIATIPAN', 13, 78, 1563, 1575, 1),
(1528, 'XOCHICOATLAN', 13, 79, 1576, 1584, 3),
(1529, 'YAHUALICA', 13, 80, 1585, 1599, 1),
(1530, 'ZACUALTIPAN DE ANGELES', 13, 81, 1600, 1618, 3),
(1531, 'ZAPOTLAN DE JUAREZ', 13, 82, 1619, 1626, 7),
(1532, 'ZEMPOALA', 13, 83, 1627, 1643, 7),
(1533, 'ZIMAPAN', 13, 84, 1644, 1657, 2),
(1534, 'ZIMAPAN', 13, 84, 1659, 1707, 2),
(1535, 'MINERAL DE LA REFORMA', 13, 40, 1708, 1717, 6),
(1536, 'PACHUCA DE SOTO', 13, 47, 1718, 1718, 6),
(1537, 'ACATIC', 14, 1, 1, 12, 3),
(1538, 'ACATLAN DE JUAREZ', 14, 2, 13, 23, 17),
(1539, 'AHUALULCO DE MERCADO', 14, 3, 24, 35, 1),
(1540, 'AMACUECA', 14, 4, 36, 39, 19),
(1541, 'AMATITAN', 14, 5, 40, 47, 1),
(1542, 'AMECA', 14, 6, 48, 48, 18),
(1543, 'AMECA', 14, 6, 50, 93, 18),
(1544, 'SAN JUANITO DE ESCOBEDO', 14, 7, 94, 101, 1),
(1545, 'ARANDAS', 14, 8, 102, 119, 3),
(1546, 'SAN IGNACIO CERRO GORDO', 14, 125, 120, 123, 3),
(1547, 'ARANDAS', 14, 8, 124, 134, 3),
(1548, 'SAN IGNACIO CERRO GORDO', 14, 125, 135, 136, 3),
(1549, 'ARANDAS', 14, 8, 137, 137, 3),
(1550, 'SAN IGNACIO CERRO GORDO', 14, 125, 138, 138, 3),
(1551, 'EL ARENAL', 14, 9, 139, 143, 1),
(1552, 'ATEMAJAC DE BRIZUELA', 14, 10, 144, 148, 18),
(1553, 'ATENGO', 14, 11, 149, 154, 5),
(1554, 'ATENGUILLO', 14, 12, 155, 160, 5),
(1555, 'ATOTONILCO EL ALTO', 14, 13, 161, 187, 15),
(1556, 'ATOYAC', 14, 14, 188, 193, 17),
(1557, 'AUTLAN DE NAVARRO', 14, 15, 194, 223, 18),
(1558, 'AYOTLAN', 14, 16, 224, 233, 15),
(1559, 'AYOTLAN', 14, 16, 235, 243, 15),
(1560, 'AYUTLA', 14, 17, 244, 255, 5),
(1561, 'LA BARCA', 14, 18, 256, 291, 15),
(1562, 'BOLAÑOS', 14, 19, 292, 295, 1),
(1563, 'CABO CORRIENTES', 14, 20, 296, 301, 5),
(1564, 'CASIMIRO CASTILLO', 14, 21, 302, 315, 18),
(1565, 'CIHUATLAN', 14, 22, 316, 332, 18),
(1566, 'GUADALAJARA', 14, 41, 1187, 1317, 9),
(1567, 'GUADALAJARA', 14, 41, 1318, 1340, 11),
(1568, 'GUADALAJARA', 14, 41, 1341, 1356, 9),
(1569, 'GUADALAJARA', 14, 41, 1357, 1361, 8),
(1570, 'GUADALAJARA', 14, 41, 1362, 1373, 9),
(1571, 'GUADALAJARA', 14, 41, 1374, 1438, 11),
(1572, 'GUADALAJARA', 14, 41, 1439, 1458, 13),
(1573, 'GUADALAJARA', 14, 41, 1459, 1459, 11),
(1574, 'GUADALAJARA', 14, 41, 1460, 1462, 13),
(1575, 'GUADALAJARA', 14, 41, 1463, 1464, 11),
(1576, 'GUADALAJARA', 14, 41, 1465, 1548, 13),
(1577, 'HOSTOTIPAQUILLO', 14, 42, 1549, 1560, 1),
(1578, 'HUEJUCAR', 14, 43, 1561, 1565, 1),
(1579, 'HUEJUQUILLA EL ALTO', 14, 44, 1566, 1572, 1),
(1580, 'LA HUERTA', 14, 45, 1573, 1590, 5),
(1581, 'IXTLAHUACAN DE LOS MEMBRILLOS', 14, 46, 1591, 1601, 17),
(1582, 'IXTLAHUACAN DEL RIO', 14, 47, 1602, 1612, 1),
(1583, 'JALOSTOTITLAN', 14, 48, 1613, 1634, 3),
(1584, 'JAMAY', 14, 49, 1635, 1646, 15),
(1585, 'JESUS MARIA', 14, 50, 1647, 1660, 15),
(1586, 'JILOTLAN DE LOS DOLORES', 14, 51, 1661, 1670, 19),
(1587, 'JOCOTEPEC', 14, 52, 1671, 1688, 17),
(1588, 'JUANACATLAN', 14, 53, 1689, 1695, 17),
(1589, 'JUCHITLAN', 14, 54, 1696, 1701, 18),
(1590, 'LAGOS DE MORENO', 14, 55, 1702, 1775, 2),
(1591, 'EL LIMON', 14, 56, 1776, 1781, 18),
(1592, 'MAGDALENA', 14, 57, 1782, 1791, 1),
(1593, 'SANTA MARIA DEL ORO', 14, 58, 1792, 1796, 19),
(1594, 'LA MANZANILLA DE LA PAZ', 14, 59, 1797, 1801, 17),
(1595, 'MASCOTA', 14, 60, 1802, 1814, 5),
(1596, 'MAZAMITLA', 14, 61, 1815, 1823, 17),
(1597, 'MEXTICACAN', 14, 62, 1824, 1830, 3),
(1598, 'MEZQUITIC', 14, 63, 1831, 1839, 1),
(1599, 'MIXTLAN', 14, 64, 1840, 1843, 5),
(1600, 'OCOTLAN', 14, 65, 1844, 1885, 15),
(1601, 'OJUELOS DE JALISCO', 14, 66, 1886, 1900, 2),
(1602, 'PIHUAMO', 14, 67, 1901, 1913, 19),
(1603, 'PONCITLAN', 14, 68, 1914, 1933, 17),
(1604, 'PUERTO VALLARTA', 14, 69, 1934, 2002, 5),
(1605, 'VILLA PURIFICACION', 14, 70, 2003, 2011, 5),
(1606, 'QUITUPAN', 14, 71, 2012, 2023, 17),
(1607, 'TLAQUEPAQUE', 14, 99, 2568, 2586, 16),
(1608, 'TLAQUEPAQUE', 14, 99, 2587, 2587, 12),
(1609, 'TLAQUEPAQUE', 14, 99, 2588, 2598, 16),
(1610, 'GUADALAJARA', 14, 41, 2599, 2600, 14),
(1611, 'TLAQUEPAQUE', 14, 99, 2601, 2603, 16),
(1612, 'TLAQUEPAQUE', 14, 99, 2605, 2619, 16),
(1613, 'TLAQUEPAQUE', 14, 99, 2620, 2624, 12),
(1614, 'TOLIMAN', 14, 100, 2625, 2632, 19),
(1615, 'TOMATLAN', 14, 101, 2633, 2649, 5),
(1616, 'TONALA', 14, 102, 2650, 2729, 7),
(1617, 'TONAYA', 14, 103, 2730, 2734, 18),
(1618, 'TONILA', 14, 104, 2735, 2741, 19),
(1619, 'TOTATICHE', 14, 105, 2742, 2747, 1),
(1620, 'TOTOTLAN', 14, 106, 2748, 2761, 15),
(1621, 'TUXCACUESCO', 14, 107, 2762, 2766, 18),
(1622, 'TUXCUECA', 14, 108, 2767, 2770, 17),
(1623, 'TUXPAN', 14, 109, 2771, 2793, 19),
(1624, 'UNION DE SAN ANTONIO', 14, 110, 2794, 2803, 2),
(1625, 'UNION DE TULA', 14, 111, 2804, 2815, 18),
(1626, 'VALLE DE GUADALUPE', 14, 112, 2816, 2823, 3),
(1627, 'VALLE DE JUAREZ', 14, 113, 2824, 2828, 17),
(1628, 'VILLA CORONA', 14, 114, 2829, 2838, 18),
(1629, 'VILLA GUERRERO', 14, 115, 2839, 2846, 1),
(1630, 'VILLA HIDALGO', 14, 116, 2847, 2854, 2),
(1631, 'CAÑADAS DE OBREGON', 14, 117, 2855, 2861, 3),
(1632, 'YAHUALICA DE GONZALEZ GALLO', 14, 118, 2862, 2883, 3),
(1633, 'ZACOALCO DE TORRES', 14, 119, 2884, 2899, 17),
(1634, 'ZAPOPAN', 14, 120, 2900, 2908, 6),
(1635, 'ZAPOPAN', 14, 120, 2909, 2910, 4),
(1636, 'ZAPOPAN', 14, 120, 2911, 2914, 6),
(1637, 'ZAPOPAN', 14, 120, 2915, 3017, 4),
(1638, 'ZAPOPAN', 14, 120, 3018, 3026, 6),
(1639, 'ZAPOPAN', 14, 120, 3027, 3028, 4),
(1640, 'ZAPOPAN', 14, 120, 3029, 3031, 6),
(1641, 'ZAPOPAN', 14, 120, 3033, 3096, 6),
(1642, 'ZAPOPAN', 14, 120, 3097, 3103, 10),
(1643, 'ZAPOPAN', 14, 120, 3104, 3110, 6),
(1644, 'ZAPOPAN', 14, 120, 3111, 3115, 10),
(1645, 'ZAPOPAN', 14, 120, 3116, 3119, 6),
(1646, 'ZAPOPAN', 14, 120, 3120, 3133, 10),
(1647, 'ZAPOPAN', 14, 120, 3134, 3135, 6),
(1648, 'ZAPOPAN', 14, 120, 3136, 3139, 10),
(1649, 'ATIZAPAN DE ZARAGOZA', 15, 13, 280, 344, 14),
(1650, 'ATIZAPAN DE ZARAGOZA', 15, 13, 345, 349, 15),
(1651, 'ATIZAPAN DE ZARAGOZA', 15, 13, 350, 361, 14),
(1652, 'ATIZAPAN DE ZARAGOZA', 15, 13, 362, 372, 15),
(1653, 'ATIZAPAN DE ZARAGOZA', 15, 13, 373, 373, 14),
(1654, 'ATIZAPAN DE ZARAGOZA', 15, 13, 374, 374, 15),
(1655, 'ATIZAPAN DE ZARAGOZA', 15, 13, 375, 378, 14),
(1656, 'ATIZAPAN DE ZARAGOZA', 15, 13, 379, 399, 15),
(1657, 'ATIZAPAN DE ZARAGOZA', 15, 13, 400, 400, 14),
(1658, 'ATIZAPAN DE ZARAGOZA', 15, 13, 401, 413, 15),
(1659, 'ATIZAPAN DE ZARAGOZA', 15, 13, 414, 416, 14),
(1660, 'ATLACOMULCO', 15, 14, 417, 455, 3),
(1661, 'ATLAUTLA', 15, 15, 456, 468, 33),
(1662, 'AXAPUSCO', 15, 16, 469, 487, 5),
(1663, 'AXAPUSCO', 15, 16, 489, 489, 5),
(1664, 'AYAPANGO', 15, 17, 490, 494, 33),
(1665, 'CALIMAYA', 15, 18, 495, 510, 27),
(1666, 'CAPULHUAC', 15, 19, 511, 522, 35),
(1667, 'COACALCO DE BERRIOZABAL', 15, 20, 523, 628, 6),
(1668, 'COATEPEC HARINAS', 15, 21, 629, 647, 36),
(1669, 'COCOTITLAN', 15, 22, 648, 653, 33),
(1670, 'COYOTEPEC', 15, 23, 654, 664, 2),
(1671, 'CUAUTITLAN', 15, 24, 665, 691, 37),
(1672, 'CUAUTITLAN IZCALLI', 15, 25, 692, 744, 7),
(1673, 'CUAUTITLAN IZCALLI', 15, 25, 745, 748, 4),
(1674, 'CUAUTITLAN IZCALLI', 15, 25, 749, 754, 7),
(1675, 'CUAUTITLAN IZCALLI', 15, 25, 755, 763, 4),
(1676, 'CUAUTITLAN IZCALLI', 15, 25, 764, 770, 7),
(1677, 'CUAUTITLAN IZCALLI', 15, 25, 771, 778, 4),
(1678, 'CUAUTITLAN IZCALLI', 15, 25, 779, 788, 7),
(1679, 'CUAUTITLAN IZCALLI', 15, 25, 789, 790, 4),
(1680, 'CUAUTITLAN IZCALLI', 15, 25, 791, 801, 7),
(1681, 'CUAUTITLAN IZCALLI', 15, 25, 802, 802, 4),
(1682, 'CUAUTITLAN IZCALLI', 15, 25, 803, 824, 7),
(1683, 'CUAUTITLAN IZCALLI', 15, 25, 825, 827, 4),
(1684, 'CUAUTITLAN IZCALLI', 15, 25, 828, 875, 7),
(1685, 'CUAUTITLAN IZCALLI', 15, 25, 876, 881, 4),
(1686, 'CUAUTITLAN IZCALLI', 15, 25, 882, 905, 7),
(1687, 'CHIMALHUACAN', 15, 32, 1270, 1270, 25),
(1688, 'CHIMALHUACAN', 15, 32, 1271, 1276, 38),
(1689, 'CHIMALHUACAN', 15, 32, 1278, 1285, 25),
(1690, 'DONATO GUERRA', 15, 33, 1286, 1301, 23),
(1691, 'ECATEPEC DE MORELOS', 15, 34, 1302, 1302, 11),
(1692, 'ECATEPEC DE MORELOS', 15, 34, 1305, 1306, 10),
(1693, 'ECATEPEC DE MORELOS', 15, 34, 1307, 1318, 11),
(1694, 'ECATEPEC DE MORELOS', 15, 34, 1319, 1321, 10),
(1695, 'ECATEPEC DE MORELOS', 15, 34, 1323, 1350, 11),
(1696, 'ECATEPEC DE MORELOS', 15, 34, 1351, 1351, 16),
(1697, 'ECATEPEC DE MORELOS', 15, 34, 1352, 1353, 11),
(1698, 'ECATEPEC DE MORELOS', 15, 34, 1354, 1393, 16),
(1699, 'ECATEPEC DE MORELOS', 15, 34, 1394, 1407, 11),
(1700, 'ECATEPEC DE MORELOS', 15, 34, 1408, 1426, 13),
(1701, 'ECATEPEC DE MORELOS', 15, 34, 1427, 1429, 17),
(1702, 'ECATEPEC DE MORELOS', 15, 34, 1430, 1460, 13),
(1703, 'ECATEPEC DE MORELOS', 15, 34, 1461, 1462, 17),
(1704, 'ECATEPEC DE MORELOS', 15, 34, 1463, 1479, 13),
(1705, 'ECATEPEC DE MORELOS', 15, 34, 1480, 1485, 17),
(1706, 'ECATEPEC DE MORELOS', 15, 34, 1486, 1498, 13),
(1707, 'ECATEPEC DE MORELOS', 15, 34, 1499, 1500, 17),
(1708, 'ECATEPEC DE MORELOS', 15, 34, 1501, 1508, 16),
(1709, 'ECATEPEC DE MORELOS', 15, 34, 1509, 1512, 11),
(1710, 'ECATEPEC DE MORELOS', 15, 34, 1513, 1515, 16),
(1711, 'ECATEPEC DE MORELOS', 15, 34, 1516, 1521, 11),
(1712, 'ECATEPEC DE MORELOS', 15, 34, 1522, 1527, 16),
(1713, 'ECATEPEC DE MORELOS', 15, 34, 1528, 1532, 11),
(1714, 'ECATEPEC DE MORELOS', 15, 34, 1533, 1534, 13),
(1715, 'ECATEPEC DE MORELOS', 15, 34, 1535, 1535, 11),
(1716, 'ECATEPEC DE MORELOS', 15, 34, 1536, 1537, 13),
(1717, 'ECATEPEC DE MORELOS', 15, 34, 1538, 1540, 11),
(1718, 'ECATEPEC DE MORELOS', 15, 34, 1541, 1550, 17),
(1719, 'ECATEPEC DE MORELOS', 15, 34, 1551, 1555, 11),
(1720, 'ECATEPEC DE MORELOS', 15, 34, 1556, 1560, 13),
(1721, 'ECATEPEC DE MORELOS', 15, 34, 1561, 1563, 11),
(1722, 'ECATEPEC DE MORELOS', 15, 34, 1564, 1569, 17),
(1723, 'ECATEPEC DE MORELOS', 15, 34, 1570, 1580, 13),
(1724, 'IXTAPALUCA', 15, 40, 2087, 2095, 12),
(1725, 'IXTAPALUCA', 15, 40, 2097, 2113, 12),
(1726, 'VALLE DE CHALCO SOLIDARIDAD', 15, 122, 2114, 2121, 32),
(1727, 'IXTAPALUCA', 15, 40, 2122, 2128, 12),
(1728, 'IXTAPALUCA', 15, 40, 2130, 2163, 12),
(1729, 'IXTAPAN DE LA SAL', 15, 41, 2164, 2182, 40),
(1730, 'IXTAPAN DEL ORO', 15, 42, 2183, 2187, 23),
(1731, 'IXTLAHUACA', 15, 43, 2188, 2235, 9),
(1732, 'XALATLACO', 15, 44, 2236, 2242, 35),
(1733, 'JALTENCO', 15, 45, 2243, 2246, 37),
(1734, 'TONANITLA', 15, 125, 2247, 2249, 37),
(1735, 'JALTENCO', 15, 45, 2250, 2259, 37),
(1736, 'JILOTEPEC', 15, 46, 2260, 2303, 1),
(1737, 'JILOTZINGO', 15, 47, 2304, 2313, 18),
(1738, 'JIQUIPILCO', 15, 48, 2314, 2343, 1),
(1739, 'JOCOTITLAN', 15, 49, 2344, 2372, 3),
(1740, 'JOQUICINGO', 15, 50, 2373, 2377, 35),
(1741, 'JUCHITEPEC', 15, 51, 2378, 2385, 33),
(1742, 'LERMA', 15, 52, 2386, 2431, 18),
(1743, 'MALINALCO', 15, 53, 2432, 2447, 35),
(1744, 'MELCHOR OCAMPO', 15, 54, 2448, 2463, 37),
(1745, 'METEPEC', 15, 55, 2464, 2549, 27),
(1746, 'MEXICALTZINGO', 15, 56, 2550, 2553, 27),
(1747, 'MORELOS', 15, 57, 2554, 2571, 1),
(1748, 'NAUCALPAN DE JUAREZ', 15, 58, 2572, 2636, 22),
(1749, 'NAUCALPAN DE JUAREZ', 15, 58, 2637, 2706, 24),
(1750, 'NAUCALPAN DE JUAREZ', 15, 58, 2707, 2715, 22),
(1751, 'NAUCALPAN DE JUAREZ', 15, 58, 2716, 2718, 24),
(1752, 'NAUCALPAN DE JUAREZ', 15, 58, 2719, 2722, 22),
(1753, 'NAUCALPAN DE JUAREZ', 15, 58, 2723, 2735, 21),
(1754, 'NAUCALPAN DE JUAREZ', 15, 58, 2736, 2741, 22),
(1755, 'NAUCALPAN DE JUAREZ', 15, 58, 2742, 2782, 21),
(1756, 'NAUCALPAN DE JUAREZ', 15, 58, 2783, 2793, 22),
(1757, 'NAUCALPAN DE JUAREZ', 15, 58, 2794, 2794, 21),
(1758, 'NAUCALPAN DE JUAREZ', 15, 58, 2795, 2795, 22),
(1759, 'NAUCALPAN DE JUAREZ', 15, 58, 2796, 2809, 21),
(1760, 'NAUCALPAN DE JUAREZ', 15, 58, 2810, 2831, 22),
(1761, 'NAUCALPAN DE JUAREZ', 15, 58, 2832, 2832, 21),
(1762, 'NAUCALPAN DE JUAREZ', 15, 58, 2833, 2839, 22),
(1763, 'NAUCALPAN DE JUAREZ', 15, 58, 2840, 2841, 21),
(1764, 'NAUCALPAN DE JUAREZ', 15, 58, 2842, 2887, 22),
(1765, 'NAUCALPAN DE JUAREZ', 15, 58, 2888, 2902, 21),
(1766, 'NAUCALPAN DE JUAREZ', 15, 58, 2903, 2905, 22),
(1767, 'NAUCALPAN DE JUAREZ', 15, 58, 2906, 2916, 21),
(1768, 'NAUCALPAN DE JUAREZ', 15, 58, 2917, 2918, 22),
(1769, 'NAUCALPAN DE JUAREZ', 15, 58, 2919, 2929, 21),
(1770, 'NAUCALPAN DE JUAREZ', 15, 58, 2930, 2932, 24),
(1771, 'NAUCALPAN DE JUAREZ', 15, 58, 2933, 2942, 21),
(1772, 'NAUCALPAN DE JUAREZ', 15, 58, 2943, 2945, 24),
(1773, 'NAUCALPAN DE JUAREZ', 15, 58, 2946, 2948, 22),
(1774, 'NAUCALPAN DE JUAREZ', 15, 58, 2949, 2960, 24),
(1775, 'NAUCALPAN DE JUAREZ', 15, 58, 2961, 2963, 21),
(1776, 'NAUCALPAN DE JUAREZ', 15, 58, 2964, 2979, 24),
(1777, 'NAUCALPAN DE JUAREZ', 15, 58, 2980, 2988, 22),
(1778, 'NAUCALPAN DE JUAREZ', 15, 58, 2989, 2999, 24),
(1779, 'NAUCALPAN DE JUAREZ', 15, 58, 3000, 3003, 21),
(1780, 'NAUCALPAN DE JUAREZ', 15, 58, 3004, 3013, 24),
(1781, 'NAUCALPAN DE JUAREZ', 15, 58, 3014, 3024, 22),
(1782, 'NAUCALPAN DE JUAREZ', 15, 58, 3025, 3025, 24),
(1783, 'NAUCALPAN DE JUAREZ', 15, 58, 3026, 3027, 22),
(1784, 'NAUCALPAN DE JUAREZ', 15, 58, 3028, 3031, 24),
(1785, 'NAUCALPAN DE JUAREZ', 15, 58, 3032, 3032, 22),
(1786, 'NAUCALPAN DE JUAREZ', 15, 58, 3033, 3035, 21),
(1787, 'NEXTLALPAN', 15, 59, 3036, 3045, 37),
(1788, 'NEZAHUALCOYOTL', 15, 60, 3046, 3053, 30),
(1789, 'NEZAHUALCOYOTL', 15, 60, 3054, 3058, 31),
(1790, 'NEZAHUALCOYOTL', 15, 60, 3059, 3065, 30),
(1791, 'NEZAHUALCOYOTL', 15, 60, 3066, 3072, 31),
(1792, 'NEZAHUALCOYOTL', 15, 60, 3073, 3090, 30),
(1793, 'NEZAHUALCOYOTL', 15, 60, 3091, 3097, 31),
(1794, 'NEZAHUALCOYOTL', 15, 60, 3098, 3106, 30),
(1795, 'NEZAHUALCOYOTL', 15, 60, 3107, 3186, 20),
(1796, 'NEZAHUALCOYOTL', 15, 60, 3194, 3268, 20),
(1797, 'NEZAHUALCOYOTL', 15, 60, 3269, 3451, 29),
(1798, 'NEZAHUALCOYOTL', 15, 60, 3452, 3513, 30),
(1799, 'NEZAHUALCOYOTL', 15, 60, 3514, 3529, 31),
(1800, 'NEZAHUALCOYOTL', 15, 60, 3530, 3534, 30),
(1801, 'NEZAHUALCOYOTL', 15, 60, 3535, 3547, 31),
(1802, 'SAN JOSE DEL RINCON', 15, 124, 4101, 4102, 3),
(1803, 'SAN FELIPE DEL PROGRESO', 15, 75, 4103, 4103, 9),
(1804, 'SAN JOSE DEL RINCON', 15, 124, 4104, 4105, 3),
(1805, 'SAN MARTIN DE LAS PIRAMIDES', 15, 76, 4106, 4119, 5),
(1806, 'SAN MATEO ATENCO', 15, 77, 4121, 4143, 27),
(1807, 'SAN SIMON DE GUERRERO', 15, 78, 4144, 4147, 36),
(1808, 'SANTO TOMAS', 15, 79, 4148, 4157, 36),
(1809, 'SOYANIQUILPAN DE JUAREZ', 15, 80, 4158, 4164, 1),
(1810, 'SULTEPEC', 15, 81, 4165, 4187, 36),
(1811, 'TECAMAC', 15, 82, 4188, 4251, 28),
(1812, 'TECAMAC', 15, 82, 4253, 4255, 28),
(1813, 'TEJUPILCO', 15, 83, 4256, 4265, 36),
(1814, 'LUVIANOS', 15, 123, 4266, 4273, 36),
(1815, 'TEJUPILCO', 15, 83, 4274, 4277, 36),
(1816, 'LUVIANOS', 15, 123, 4278, 4278, 36),
(1817, 'TEJUPILCO', 15, 83, 4279, 4280, 36),
(1818, 'LUVIANOS', 15, 123, 4281, 4282, 36),
(1819, 'TEJUPILCO', 15, 83, 4283, 4283, 36),
(1820, 'LUVIANOS', 15, 123, 4284, 4290, 36),
(1821, 'TEJUPILCO', 15, 83, 4291, 4295, 36),
(1822, 'LUVIANOS', 15, 123, 4296, 4296, 36),
(1823, 'TEJUPILCO', 15, 83, 4297, 4300, 36),
(1824, 'LUVIANOS', 15, 123, 4301, 4302, 36),
(1825, 'TEJUPILCO', 15, 83, 4303, 4305, 36),
(1826, 'LUVIANOS', 15, 123, 4306, 4306, 36),
(1827, 'TEJUPILCO', 15, 83, 4307, 4310, 36),
(1828, 'TEJUPILCO', 15, 83, 4312, 4316, 36),
(1829, 'LUVIANOS', 15, 123, 4317, 4318, 36),
(1830, 'TEJUPILCO', 15, 83, 4319, 4319, 36),
(1831, 'LUVIANOS', 15, 123, 4320, 4320, 36),
(1832, 'TEJUPILCO', 15, 83, 4321, 4325, 36),
(1833, 'TEMAMATLA', 15, 84, 4326, 4330, 33),
(1834, 'TEMASCALAPA', 15, 85, 4331, 4345, 5),
(1835, 'TEMASCALCINGO', 15, 86, 4346, 4379, 3),
(1836, 'TEMASCALTEPEC', 15, 87, 4380, 4402, 36),
(1837, 'TEMOAYA', 15, 88, 4403, 4428, 9),
(1838, 'TENANCINGO', 15, 89, 4429, 4465, 35),
(1839, 'TENANGO DEL AIRE', 15, 90, 4466, 4470, 33),
(1840, 'TENANGO DEL VALLE', 15, 91, 4471, 4497, 40),
(1841, 'TEOLOYUCAN', 15, 92, 4498, 4522, 2),
(1842, 'TEOTIHUACAN', 15, 93, 4523, 4545, 5),
(1843, 'TEPETLAOXTOC', 15, 94, 4546, 4555, 5),
(1844, 'TOLUCA', 15, 107, 5251, 5265, 34),
(1845, 'TOLUCA', 15, 107, 5266, 5272, 26),
(1846, 'TOLUCA', 15, 107, 5273, 5276, 34),
(1847, 'TOLUCA', 15, 107, 5277, 5284, 26),
(1848, 'TOLUCA', 15, 107, 5285, 5288, 34),
(1849, 'TOLUCA', 15, 107, 5289, 5301, 26),
(1850, 'TOLUCA', 15, 107, 5302, 5306, 34),
(1851, 'TOLUCA', 15, 107, 5307, 5315, 26),
(1852, 'TOLUCA', 15, 107, 5316, 5320, 34),
(1853, 'TOLUCA', 15, 107, 5321, 5328, 26),
(1854, 'TOLUCA', 15, 107, 5329, 5354, 34),
(1855, 'TOLUCA', 15, 107, 5355, 5359, 26),
(1856, 'TOLUCA', 15, 107, 5360, 5360, 34),
(1857, 'TOLUCA', 15, 107, 5361, 5370, 26),
(1858, 'TOLUCA', 15, 107, 5371, 5373, 34),
(1859, 'TOLUCA', 15, 107, 5374, 5397, 26),
(1860, 'TOLUCA', 15, 107, 5398, 5403, 34),
(1861, 'TOLUCA', 15, 107, 5404, 5418, 26),
(1862, 'TOLUCA', 15, 107, 5419, 5438, 34),
(1863, 'TOLUCA', 15, 107, 5439, 5439, 26),
(1864, 'TOLUCA', 15, 107, 5440, 5440, 34),
(1865, 'TOLUCA', 15, 107, 5441, 5442, 26),
(1866, 'TONATICO', 15, 108, 5443, 5451, 40),
(1867, 'TULTEPEC', 15, 109, 5452, 5481, 6),
(1868, 'TULTITLAN', 15, 110, 5482, 5567, 8),
(1869, 'TULTITLAN', 15, 110, 5568, 5625, 37),
(1870, 'TULTITLAN', 15, 110, 5626, 5647, 8),
(1871, 'TULTITLAN', 15, 110, 5649, 5653, 8),
(1872, 'VALLE DE BRAVO', 15, 111, 5654, 5681, 23),
(1873, 'VILLA DE ALLENDE', 15, 112, 5682, 5703, 23),
(1874, 'VILLA DEL CARBON', 15, 113, 5704, 5722, 2),
(1875, 'VILLA GUERRERO', 15, 114, 5723, 5747, 40),
(1876, 'VILLA VICTORIA', 15, 115, 5748, 5790, 23),
(1877, 'XONACATLAN', 15, 116, 5791, 5804, 18),
(1878, 'ZACAZONAPAN', 15, 117, 5805, 5806, 36),
(1879, 'ZACUALPAN', 15, 118, 5807, 5821, 36),
(1880, 'ZINACANTEPEC', 15, 119, 5822, 5868, 40),
(1881, 'ZUMPAHUACAN', 15, 120, 5869, 5879, 40),
(1882, 'ZUMPANGO', 15, 121, 5880, 5923, 28),
(1883, 'VALLE DE CHALCO SOLIDARIDAD', 15, 122, 5924, 5928, 32),
(1884, 'LUVIANOS', 15, 123, 5929, 5931, 36),
(1885, 'SAN JOSE DEL RINCON', 15, 124, 5932, 5937, 3),
(1886, 'CHICOLOAPAN', 15, 30, 5938, 5953, 39),
(1887, 'CHIMALHUACAN', 15, 32, 5954, 5970, 25),
(1888, 'EPITACIO HUERTA', 16, 31, 446, 456, 6),
(1889, 'ERONGARICUARO', 16, 32, 457, 466, 7),
(1890, 'GABRIEL ZAMORA', 16, 33, 467, 479, 9),
(1891, 'HIDALGO', 16, 34, 480, 556, 6),
(1892, 'LA HUACANA', 16, 35, 557, 579, 1),
(1893, 'HUANDACAREO', 16, 36, 580, 589, 2),
(1894, 'HUANIQUEO', 16, 37, 590, 600, 2),
(1895, 'HUETAMO', 16, 38, 601, 646, 11),
(1896, 'HUIRAMBA', 16, 39, 647, 650, 11),
(1897, 'INDAPARAPEO', 16, 40, 651, 664, 3),
(1898, 'IRIMBO', 16, 41, 665, 672, 6),
(1899, 'IXTLAN', 16, 42, 673, 684, 5),
(1900, 'JACONA', 16, 43, 685, 711, 4),
(1901, 'JIMENEZ', 16, 44, 712, 725, 2),
(1902, 'JIQUILPAN', 16, 45, 726, 755, 4),
(1903, 'JOSE SIXTO VERDUZCO', 16, 46, 756, 773, 2),
(1904, 'JUAREZ', 16, 47, 774, 785, 3),
(1905, 'JUNGAPEO', 16, 48, 786, 801, 3),
(1906, 'LAGUNILLAS', 16, 49, 802, 805, 11),
(1907, 'LAZARO CARDENAS', 16, 50, 806, 870, 1),
(1908, 'MADERO', 16, 51, 871, 884, 11),
(1909, 'MARAVATIO', 16, 52, 885, 928, 6),
(1910, 'MARCOS CASTELLANOS', 16, 53, 929, 940, 4),
(1911, 'MORELIA', 16, 54, 941, 967, 8),
(1912, 'MORELIA', 16, 54, 968, 995, 10),
(1913, 'MORELIA', 16, 54, 996, 1023, 8),
(1914, 'MORELIA', 16, 54, 1024, 1051, 10),
(1915, 'MORELIA', 16, 54, 1052, 1061, 8),
(1916, 'MORELIA', 16, 54, 1062, 1140, 10),
(1917, 'MORELIA', 16, 54, 1141, 1153, 8),
(1918, 'MORELIA', 16, 54, 1154, 1159, 10),
(1919, 'MORELIA', 16, 54, 1160, 1161, 8),
(1920, 'MORELIA', 16, 54, 1162, 1190, 10),
(1921, 'MORELIA', 16, 54, 1191, 1193, 8),
(1922, 'MORELIA', 16, 54, 1194, 1196, 10),
(1923, 'MORELIA', 16, 54, 1197, 1204, 8),
(1924, 'MORELIA', 16, 54, 1205, 1207, 10),
(1925, 'MORELIA', 16, 54, 1208, 1222, 8),
(1926, 'MORELIA', 16, 54, 1223, 1238, 10),
(1927, 'MORELIA', 16, 54, 1239, 1261, 8),
(1928, 'MORELIA', 16, 54, 1262, 1262, 10),
(1929, 'MORELIA', 16, 54, 1263, 1268, 8),
(1930, 'TARETAN', 16, 88, 1950, 1958, 9),
(1931, 'TARIMBARO', 16, 89, 1959, 1978, 2),
(1932, 'TEPALCATEPEC', 16, 90, 1979, 1994, 12),
(1933, 'TINGAMBATO', 16, 91, 1995, 2001, 9),
(1934, 'TINGUINDIN', 16, 92, 2002, 2012, 4),
(1935, 'TIQUICHEO DE NICOLAS ROMERO', 16, 93, 2013, 2024, 3),
(1936, 'TLALPUJAHUA', 16, 94, 2025, 2039, 6),
(1937, 'TLAZAZALCA', 16, 95, 2040, 2051, 2),
(1938, 'TOCUMBO', 16, 96, 2052, 2064, 4),
(1939, 'TUMBISCATIO', 16, 97, 2065, 2074, 1),
(1940, 'TURICATO', 16, 98, 2075, 2105, 11),
(1941, 'TURICATO', 16, 98, 2107, 2112, 11),
(1942, 'TUXPAN', 16, 99, 2113, 2129, 3),
(1943, 'TUZANTLA', 16, 100, 2130, 2150, 3),
(1944, 'TZINTZUNTZAN', 16, 101, 2151, 2159, 11),
(1945, 'TZITZIO', 16, 102, 2160, 2174, 3),
(1946, 'URUAPAN', 16, 103, 2175, 2316, 9),
(1947, 'VENUSTIANO CARRANZA', 16, 104, 2317, 2338, 4),
(1948, 'VILLAMAR', 16, 105, 2339, 2356, 4),
(1949, 'VISTA HERMOSA', 16, 106, 2357, 2369, 5),
(1950, 'YURECUARO', 16, 107, 2370, 2388, 5),
(1951, 'ZACAPU', 16, 108, 2389, 2435, 7),
(1952, 'ZAMORA', 16, 109, 2436, 2530, 5),
(1953, 'ZINAPARO', 16, 110, 2531, 2537, 2),
(1954, 'ZINAPECUARO', 16, 111, 2538, 2569, 6),
(1955, 'ZIRACUARETIRO', 16, 112, 2570, 2577, 9),
(1956, 'ZITACUARO', 16, 113, 2578, 2659, 3),
(1957, 'APATZINGAN', 16, 6, 2660, 2665, 12),
(1958, 'LA HUACANA', 16, 35, 2666, 2670, 1),
(1959, 'PARACUARO', 16, 65, 2671, 2672, 12),
(1960, 'SALVADOR ESCALANTE', 16, 80, 2673, 2674, 11),
(1961, 'MORELIA', 16, 54, 2675, 2675, 10),
(1962, 'ZAMORA', 16, 109, 2676, 2676, 5),
(1963, 'MORELIA', 16, 54, 2677, 2677, 8),
(1964, 'AMACUZAC', 17, 1, 1, 11, 4),
(1965, 'ATLATLAHUCAN', 17, 2, 12, 23, 3),
(1966, 'AXOCHIAPAN', 17, 3, 24, 43, 5),
(1967, 'AYALA', 17, 4, 44, 85, 5),
(1968, 'COATLAN DEL RIO', 17, 5, 86, 96, 4),
(1969, 'CUAUTLA', 17, 6, 97, 187, 3),
(1970, 'CUERNAVACA', 17, 7, 188, 386, 1),
(1971, 'SAN PEDRO LAGUNILLAS', 18, 13, 398, 410, 3),
(1972, 'SANTA MARIA DEL ORO', 18, 14, 411, 434, 3),
(1973, 'SANTIAGO IXCUINTLA', 18, 15, 435, 546, 1),
(1974, 'TECUALA', 18, 16, 547, 596, 1),
(1975, 'TEPIC', 18, 17, 597, 809, 2),
(1976, 'TUXPAN', 18, 18, 810, 843, 1),
(1977, 'XALISCO', 18, 19, 844, 865, 3),
(1978, 'LA YESCA', 18, 20, 866, 870, 3),
(1979, 'LA YESCA', 18, 20, 872, 876, 3),
(1980, 'LA YESCA', 18, 20, 878, 878, 3),
(1981, 'ABASOLO', 19, 1, 1, 2, 12),
(1982, 'AGUALEGUAS', 19, 2, 3, 11, 12),
(1983, 'LOS ALDAMAS', 19, 3, 12, 19, 12),
(1984, 'ALLENDE', 19, 4, 20, 38, 9),
(1985, 'ANAHUAC', 19, 5, 39, 49, 12),
(1986, 'ANAHUAC', 19, 5, 51, 52, 12),
(1987, 'ANAHUAC', 19, 5, 54, 62, 12),
(1988, 'APODACA', 19, 6, 63, 76, 2),
(1989, 'APODACA', 19, 6, 78, 128, 2),
(1990, 'APODACA', 19, 6, 130, 148, 2),
(1991, 'APODACA', 19, 6, 150, 150, 2),
(1992, 'ARAMBERRI', 19, 7, 151, 167, 9),
(1993, 'BUSTAMANTE', 19, 8, 168, 171, 12),
(1994, 'CADEREYTA JIMENEZ', 19, 9, 172, 217, 12),
(1995, 'CARMEN', 19, 10, 218, 220, 12),
(1996, 'CERRALVO', 19, 11, 221, 228, 12),
(1997, 'CERRALVO', 19, 11, 230, 231, 12),
(1998, 'CIENEGA DE FLORES', 19, 12, 232, 236, 12),
(1999, 'CHINA', 19, 13, 237, 247, 9),
(2000, 'CHINA', 19, 13, 252, 253, 9),
(2001, 'CHINA', 19, 13, 256, 256, 9),
(2002, 'DR. ARROYO', 19, 14, 257, 293, 9),
(2003, 'DR. COSS', 19, 15, 294, 301, 9),
(2004, 'DR. COSS', 19, 15, 303, 304, 9),
(2005, 'DR. GONZALEZ', 19, 16, 305, 308, 12),
(2006, 'GALEANA', 19, 17, 309, 345, 9),
(2007, 'GARCIA', 19, 18, 346, 350, 12),
(2008, 'GARCIA', 19, 18, 352, 355, 12),
(2009, 'SAN PEDRO GARZA GARCIA', 19, 19, 356, 417, 1),
(2010, 'GRAL. BRAVO', 19, 20, 418, 424, 9),
(2011, 'GRAL. BRAVO', 19, 20, 426, 428, 9),
(2012, 'MONTERREY', 19, 40, 1037, 1049, 6),
(2013, 'MONTERREY', 19, 40, 1050, 1083, 7),
(2014, 'MONTERREY', 19, 40, 1084, 1098, 6),
(2015, 'MONTERREY', 19, 40, 1099, 1246, 7),
(2016, 'MONTERREY', 19, 40, 1247, 1252, 10),
(2017, 'MONTERREY', 19, 40, 1253, 1256, 7),
(2018, 'MONTERREY', 19, 40, 1257, 1261, 10),
(2019, 'MONTERREY', 19, 40, 1262, 1263, 7),
(2020, 'MONTERREY', 19, 40, 1264, 1268, 10),
(2021, 'MONTERREY', 19, 40, 1269, 1273, 7),
(2022, 'MONTERREY', 19, 40, 1274, 1275, 10),
(2023, 'MONTERREY', 19, 40, 1276, 1287, 7),
(2024, 'MONTERREY', 19, 40, 1288, 1431, 10),
(2025, 'MONTERREY', 19, 40, 1432, 1462, 5),
(2026, 'MONTERREY', 19, 40, 1463, 1466, 6),
(2027, 'MONTERREY', 19, 40, 1467, 1480, 5),
(2028, 'MONTERREY', 19, 40, 1481, 1494, 6),
(2029, 'MONTERREY', 19, 40, 1495, 1500, 5),
(2030, 'MONTERREY', 19, 40, 1501, 1516, 6),
(2031, 'MONTERREY', 19, 40, 1517, 1525, 5),
(2032, 'MONTERREY', 19, 40, 1526, 1543, 6),
(2033, 'MONTERREY', 19, 40, 1544, 1556, 5),
(2034, 'MONTERREY', 19, 40, 1557, 1587, 6),
(2035, 'MONTERREY', 19, 40, 1588, 1593, 5),
(2036, 'MONTERREY', 19, 40, 1594, 1595, 7),
(2037, 'MONTERREY', 19, 40, 1596, 1605, 6),
(2038, 'MONTERREY', 19, 40, 1606, 1611, 7),
(2039, 'MONTERREY', 19, 40, 1612, 1621, 5),
(2040, 'MONTERREY', 19, 40, 1622, 1639, 7),
(2041, 'MONTERREY', 19, 40, 1641, 1678, 7),
(2042, 'MONTERREY', 19, 40, 1679, 1685, 10),
(2043, 'MONTERREY', 19, 40, 1686, 1686, 7),
(2044, 'MONTERREY', 19, 40, 1687, 1699, 10),
(2045, 'PARAS', 19, 41, 1700, 1702, 12),
(2046, 'PESQUERIA', 19, 42, 1703, 1711, 12),
(2047, 'LOS RAMONES', 19, 43, 1712, 1723, 12),
(2048, 'RAYONES', 19, 44, 1724, 1728, 9),
(2049, 'SABINAS HIDALGO', 19, 45, 1730, 1746, 12),
(2050, 'SABINAS HIDALGO', 19, 45, 1749, 1751, 12),
(2051, 'SALINAS VICTORIA', 19, 46, 1752, 1760, 12),
(2052, 'CANDELARIA LOXICHA', 20, 14, 90, 96, 10),
(2053, 'CHAHUITES', 20, 15, 97, 103, 7),
(2054, 'CHALCATONGO DE HIDALGO', 20, 16, 104, 110, 6),
(2055, 'CIENEGA DE ZIMATLAN', 20, 17, 111, 112, 9),
(2056, 'COATECAS ALTAS', 20, 18, 113, 116, 9),
(2057, 'COICOYAN DE LAS FLORES', 20, 19, 117, 120, 6),
(2058, 'LA COMPAÑIA', 20, 20, 121, 124, 9),
(2059, 'CONCEPCION BUENAVISTA', 20, 21, 125, 126, 3),
(2060, 'CONCEPCION PAPALO', 20, 22, 127, 130, 2),
(2061, 'CONSTANCIA DEL ROSARIO', 20, 23, 131, 133, 6),
(2062, 'COSOLAPA', 20, 24, 134, 143, 1),
(2063, 'COSOLTEPEC', 20, 25, 144, 146, 3),
(2064, 'CUILAPAM DE GUERRERO', 20, 26, 147, 152, 9),
(2065, 'CUYAMECALCO VILLA DE ZARAGOZA', 20, 27, 153, 156, 2),
(2066, 'HEROICA CIUDAD DE EJUTLA DE CRESPO', 20, 28, 157, 175, 9),
(2067, 'ELOXOCHITLAN DE FLORES MAGON', 20, 29, 176, 179, 2),
(2068, 'EL ESPINAL', 20, 30, 180, 186, 7),
(2069, 'FRESNILLO DE TRUJANO', 20, 31, 187, 188, 6),
(2070, 'GUADALUPE DE RAMIREZ', 20, 32, 189, 191, 6),
(2071, 'GUADALUPE ETLA', 20, 33, 192, 192, 3),
(2072, 'GUELATAO DE JUAREZ', 20, 34, 193, 193, 4),
(2073, 'GUEVEA DE HUMBOLDT', 20, 35, 194, 197, 5),
(2074, 'MESONES HIDALGO', 20, 36, 198, 200, 6),
(2075, 'HEROICA CIUDAD DE HUAJUAPAN DE LEON', 20, 37, 201, 231, 3),
(2076, 'HUAUTEPEC', 20, 38, 232, 235, 2),
(2077, 'HUAUTLA DE JIMENEZ', 20, 39, 236, 254, 2),
(2078, 'IXPANTEPEC NIEVES', 20, 40, 255, 257, 6),
(2079, 'CIUDAD IXTEPEC', 20, 41, 258, 275, 5),
(2080, 'IXTLAN DE JUAREZ', 20, 42, 276, 282, 4),
(2081, 'JUCHITAN DE ZARAGOZA', 20, 43, 283, 332, 7),
(2082, 'LOMA BONITA', 20, 44, 333, 364, 1),
(2083, 'MAGDALENA APASCO', 20, 45, 365, 368, 3),
(2084, 'MAGDALENA JALTEPEC', 20, 46, 369, 372, 3),
(2085, 'MAGDALENA MIXTEPEC', 20, 47, 373, 373, 9),
(2086, 'MAGDALENA OCOTLAN', 20, 48, 374, 374, 9),
(2087, 'MAGDALENA PEÑASCO', 20, 49, 375, 377, 6),
(2088, 'MAGDALENA TEITIPAC', 20, 50, 378, 379, 4),
(2089, 'NEZAHUALCOYOTL', 15, 60, 3548, 3556, 30),
(2090, 'NEZAHUALCOYOTL', 15, 60, 3557, 3565, 31),
(2091, 'NEZAHUALCOYOTL', 15, 60, 3566, 3574, 30),
(2092, 'NEZAHUALCOYOTL', 15, 60, 3575, 3577, 31),
(2093, 'NEZAHUALCOYOTL', 15, 60, 3578, 3597, 30),
(2094, 'NEZAHUALCOYOTL', 15, 60, 3598, 3609, 31),
(2095, 'NEZAHUALCOYOTL', 15, 60, 3610, 3622, 30),
(2096, 'NEZAHUALCOYOTL', 15, 60, 3623, 3634, 31),
(2097, 'NEZAHUALCOYOTL', 15, 60, 3635, 3649, 30),
(2098, 'NEZAHUALCOYOTL', 15, 60, 3650, 3722, 31),
(2099, 'NICOLAS ROMERO', 15, 61, 3723, 3822, 4),
(2100, 'NOPALTEPEC', 15, 62, 3823, 3827, 5),
(2101, 'OCOYOACAC', 15, 63, 3828, 3849, 35),
(2102, 'OCUILAN', 15, 64, 3850, 3862, 35),
(2103, 'EL ORO', 15, 65, 3863, 3879, 3),
(2104, 'OTUMBA', 15, 66, 3880, 3898, 5),
(2105, 'OTZOLOAPAN', 15, 67, 3899, 3902, 36),
(2106, 'OTZOLOTEPEC', 15, 68, 3903, 3926, 9),
(2107, 'OZUMBA', 15, 69, 3927, 3939, 33),
(2108, 'PAPALOTLA', 15, 70, 3940, 3941, 5),
(2109, 'LA PAZ', 15, 71, 3942, 4007, 39),
(2110, 'POLOTITLAN', 15, 72, 4008, 4017, 1),
(2111, 'RAYON', 15, 73, 4018, 4021, 40),
(2112, 'SAN ANTONIO LA ISLA', 15, 74, 4022, 4025, 27),
(2113, 'SAN FELIPE DEL PROGRESO', 15, 75, 4026, 4026, 9),
(2114, 'SAN JOSE DEL RINCON', 15, 124, 4027, 4031, 3),
(2115, 'SAN FELIPE DEL PROGRESO', 15, 75, 4032, 4032, 9),
(2116, 'SAN JOSE DEL RINCON', 15, 124, 4033, 4033, 3),
(2117, 'SAN FELIPE DEL PROGRESO', 15, 75, 4034, 4043, 9),
(2118, 'SAN JOSE DEL RINCON', 15, 124, 4044, 4050, 3),
(2119, 'SAN FELIPE DEL PROGRESO', 15, 75, 4051, 4061, 9),
(2120, 'SAN JOSE DEL RINCON', 15, 124, 4062, 4067, 3),
(2121, 'SAN FELIPE DEL PROGRESO', 15, 75, 4068, 4079, 9),
(2122, 'SAN JOSE DEL RINCON', 15, 124, 4080, 4085, 3),
(2123, 'SAN FELIPE DEL PROGRESO', 15, 75, 4086, 4090, 9),
(2124, 'SAN JOSE DEL RINCON', 15, 124, 4091, 4096, 3),
(2125, 'SAN FELIPE DEL PROGRESO', 15, 75, 4097, 4097, 9),
(2126, 'SAN JOSE DEL RINCON', 15, 124, 4098, 4099, 3),
(2127, 'SAN FELIPE DEL PROGRESO', 15, 75, 4100, 4100, 9),
(2128, 'TEPETLIXPA', 15, 95, 4556, 4563, 33),
(2129, 'TEPOTZOTLAN', 15, 96, 4564, 4587, 2),
(2130, 'TEQUIXQUIAC', 15, 97, 4588, 4600, 2),
(2131, 'TEXCALTITLAN', 15, 98, 4601, 4608, 36),
(2132, 'TEXCALYACAC', 15, 99, 4609, 4610, 35),
(2133, 'TEXCOCO', 15, 100, 4611, 4690, 38),
(2134, 'TEZOYUCA', 15, 101, 4691, 4698, 5),
(2135, 'TEZOYUCA', 15, 101, 4700, 4700, 5),
(2136, 'TIANGUISTENCO', 15, 102, 4701, 4724, 35),
(2137, 'TIMILPAN', 15, 103, 4725, 4735, 1),
(2138, 'TLALMANALCO', 15, 104, 4736, 4756, 33),
(2139, 'TLALNEPANTLA DE BAZ', 15, 105, 4757, 4835, 16),
(2140, 'TLALNEPANTLA DE BAZ', 15, 105, 4836, 4867, 15),
(2141, 'TLALNEPANTLA DE BAZ', 15, 105, 4868, 4962, 19),
(2142, 'TLALNEPANTLA DE BAZ', 15, 105, 4963, 4967, 15),
(2143, 'TLALNEPANTLA DE BAZ', 15, 105, 4968, 4972, 19),
(2144, 'TLALNEPANTLA DE BAZ', 15, 105, 4973, 4993, 15),
(2145, 'TLALNEPANTLA DE BAZ', 15, 105, 4994, 4995, 19),
(2146, 'TLALNEPANTLA DE BAZ', 15, 105, 4996, 5001, 15),
(2147, 'TLALNEPANTLA DE BAZ', 15, 105, 5002, 5010, 19),
(2148, 'TLALNEPANTLA DE BAZ', 15, 105, 5011, 5017, 15),
(2149, 'TLALNEPANTLA DE BAZ', 15, 105, 5018, 5028, 19),
(2150, 'TLALNEPANTLA DE BAZ', 15, 105, 5029, 5032, 15),
(2151, 'TLALNEPANTLA DE BAZ', 15, 105, 5033, 5091, 19),
(2152, 'TLALNEPANTLA DE BAZ', 15, 105, 5092, 5120, 15),
(2153, 'TLALNEPANTLA DE BAZ', 15, 105, 5121, 5121, 19),
(2154, 'TLALNEPANTLA DE BAZ', 15, 105, 5122, 5126, 15),
(2155, 'TLALNEPANTLA DE BAZ', 15, 105, 5127, 5127, 19),
(2156, 'TLALNEPANTLA DE BAZ', 15, 105, 5128, 5130, 15),
(2157, 'TLALNEPANTLA DE BAZ', 15, 105, 5131, 5135, 19),
(2158, 'TLALNEPANTLA DE BAZ', 15, 105, 5136, 5136, 15),
(2159, 'TLATLAYA', 15, 106, 5137, 5168, 36),
(2160, 'TOLUCA', 15, 107, 5169, 5174, 34),
(2161, 'TOLUCA', 15, 107, 5175, 5181, 26),
(2162, 'TOLUCA', 15, 107, 5182, 5197, 34),
(2163, 'TOLUCA', 15, 107, 5198, 5207, 26),
(2164, 'TOLUCA', 15, 107, 5208, 5226, 34),
(2165, 'TOLUCA', 15, 107, 5227, 5230, 26),
(2166, 'TOLUCA', 15, 107, 5231, 5245, 34),
(2167, 'TOLUCA', 15, 107, 5246, 5250, 26),
(2168, 'CHIMALHUACAN', 15, 32, 5971, 5990, 38),
(2169, 'ECATEPEC DE MORELOS', 15, 34, 5991, 6049, 10),
(2170, 'IXTAPALUCA', 15, 40, 6050, 6170, 12),
(2171, 'TULTITLAN', 15, 110, 6171, 6182, 8),
(2172, 'TEPETLAOXTOC', 15, 94, 6183, 6183, 5),
(2173, 'CUAUTITLAN IZCALLI', 15, 25, 6184, 6207, 7),
(2174, 'ECATEPEC DE MORELOS', 15, 34, 6208, 6232, 10),
(2175, 'IXTAPALUCA', 15, 40, 6233, 6261, 12),
(2176, 'TECAMAC', 15, 82, 6262, 6351, 28),
(2177, 'CHICOLOAPAN', 15, 30, 6352, 6391, 39),
(2178, 'ACUITZIO', 16, 1, 1, 10, 11),
(2179, 'AGUILILLA', 16, 2, 11, 23, 12),
(2180, 'AGUILILLA', 16, 2, 25, 25, 12),
(2181, 'ALVARO OBREGON', 16, 3, 26, 37, 2),
(2182, 'ANGAMACUTIRO', 16, 4, 38, 51, 2),
(2183, 'ANGANGUEO', 16, 5, 52, 57, 3),
(2184, 'APATZINGAN', 16, 6, 58, 131, 12),
(2185, 'APORO', 16, 7, 132, 135, 3),
(2186, 'AQUILA', 16, 8, 136, 148, 12),
(2187, 'ARIO', 16, 9, 149, 169, 1),
(2188, 'ARTEAGA', 16, 10, 170, 183, 1),
(2189, 'BRISEÑAS', 16, 11, 184, 189, 4),
(2190, 'BUENAVISTA', 16, 12, 190, 212, 12),
(2191, 'CARACUARO', 16, 13, 213, 224, 11),
(2192, 'COAHUAYANA', 16, 14, 225, 236, 12),
(2193, 'COALCOMAN DE VAZQUEZ PALLARES', 16, 15, 237, 256, 12),
(2194, 'COENEO', 16, 16, 257, 285, 7),
(2195, 'CONTEPEC', 16, 17, 286, 298, 6),
(2196, 'COPANDARO', 16, 18, 299, 304, 2),
(2197, 'COTIJA', 16, 19, 305, 323, 4),
(2198, 'CUITZEO', 16, 20, 324, 339, 2),
(2199, 'CHARAPAN', 16, 21, 340, 345, 7),
(2200, 'CHARO', 16, 22, 346, 360, 3),
(2201, 'CHAVINDA', 16, 23, 361, 371, 4),
(2202, 'CHERAN', 16, 24, 372, 379, 7),
(2203, 'CHILCHOTA', 16, 25, 380, 396, 7),
(2204, 'CHINICUILA', 16, 26, 397, 404, 12),
(2205, 'CHUCANDIRO', 16, 27, 405, 410, 2),
(2206, 'CHURINTZIO', 16, 28, 411, 419, 2),
(2207, 'CHURUMUCO', 16, 29, 420, 432, 1),
(2208, 'ECUANDUREO', 16, 30, 433, 445, 5),
(2209, 'MORELIA', 16, 54, 1269, 1270, 10),
(2210, 'MORELIA', 16, 54, 1271, 1272, 8),
(2211, 'MORELIA', 16, 54, 1273, 1276, 10),
(2212, 'MORELIA', 16, 54, 1277, 1278, 8),
(2213, 'MORELIA', 16, 54, 1279, 1280, 10),
(2214, 'MORELIA', 16, 54, 1281, 1283, 8),
(2215, 'MORELIA', 16, 54, 1284, 1285, 10),
(2216, 'MORELIA', 16, 54, 1286, 1287, 8),
(2217, 'MORELOS', 16, 55, 1288, 1296, 2),
(2218, 'MUGICA', 16, 56, 1297, 1320, 1),
(2219, 'NAHUATZEN', 16, 57, 1321, 1335, 7),
(2220, 'NOCUPETARO', 16, 58, 1336, 1348, 11),
(2221, 'NUEVO PARANGARICUTIRO', 16, 59, 1349, 1359, 9),
(2222, 'NUEVO URECHO', 16, 60, 1360, 1368, 1),
(2223, 'NUMARAN', 16, 61, 1369, 1377, 2),
(2224, 'OCAMPO', 16, 62, 1378, 1388, 3),
(2225, 'PAJACUARAN', 16, 63, 1389, 1406, 4),
(2226, 'PANINDICUARO', 16, 64, 1407, 1425, 2),
(2227, 'PARACUARO', 16, 65, 1426, 1439, 12),
(2228, 'PARACHO', 16, 66, 1440, 1455, 7),
(2229, 'PATZCUARO', 16, 67, 1456, 1497, 11),
(2230, 'PENJAMILLO', 16, 68, 1498, 1516, 2),
(2231, 'PERIBAN', 16, 69, 1517, 1528, 12),
(2232, 'LA PIEDAD', 16, 70, 1529, 1589, 5),
(2233, 'PUREPERO', 16, 71, 1590, 1600, 7),
(2234, 'PURUANDIRO', 16, 72, 1601, 1646, 2),
(2235, 'QUERENDARO', 16, 73, 1647, 1660, 6),
(2236, 'QUIROGA', 16, 74, 1661, 1674, 7),
(2237, 'COJUMATLAN DE REGULES', 16, 75, 1675, 1683, 4),
(2238, 'LOS REYES', 16, 76, 1684, 1718, 7),
(2239, 'SAHUAYO', 16, 77, 1719, 1767, 4),
(2240, 'SAN LUCAS', 16, 78, 1768, 1787, 11),
(2241, 'SANTA ANA MAYA', 16, 79, 1788, 1798, 2),
(2242, 'SALVADOR ESCALANTE', 16, 80, 1799, 1820, 11),
(2243, 'SENGUIO', 16, 81, 1821, 1831, 6),
(2244, 'SUSUPUATO', 16, 82, 1832, 1843, 3),
(2245, 'TACAMBARO', 16, 83, 1844, 1881, 11),
(2246, 'TANCITARO', 16, 84, 1882, 1897, 12),
(2247, 'TANGAMANDAPIO', 16, 85, 1898, 1911, 4),
(2248, 'TANGANCICUARO', 16, 86, 1912, 1938, 7),
(2249, 'TANHUATO', 16, 87, 1939, 1949, 5),
(2250, 'CUERNAVACA', 17, 7, 387, 388, 2),
(2251, 'CUERNAVACA', 17, 7, 389, 390, 1),
(2252, 'EMILIANO ZAPATA', 17, 8, 391, 411, 2),
(2253, 'HUITZILAC', 17, 9, 412, 422, 3),
(2254, 'JANTETELCO', 17, 10, 423, 430, 5),
(2255, 'JIUTEPEC', 17, 11, 431, 500, 2),
(2256, 'JOJUTLA', 17, 12, 501, 536, 4),
(2257, 'JONACATEPEC', 17, 13, 537, 547, 5),
(2258, 'MAZATEPEC', 17, 14, 548, 554, 4),
(2259, 'MIACATLAN', 17, 15, 555, 568, 4),
(2260, 'OCUITUCO', 17, 16, 569, 578, 3),
(2261, 'PUENTE DE IXTLA', 17, 17, 579, 610, 4),
(2262, 'TEMIXCO', 17, 18, 611, 611, 2),
(2263, 'CUERNAVACA', 17, 7, 612, 612, 1),
(2264, 'TEMIXCO', 17, 18, 613, 653, 2),
(2265, 'TEPALCINGO', 17, 19, 654, 669, 5),
(2266, 'TEPOZTLAN', 17, 20, 670, 688, 3),
(2267, 'TETECALA', 17, 21, 689, 694, 4),
(2268, 'TETELA DEL VOLCAN', 17, 22, 695, 702, 3),
(2269, 'TLALNEPANTLA', 17, 23, 703, 706, 3),
(2270, 'TLALTIZAPAN', 17, 24, 707, 733, 5),
(2271, 'TLAQUILTENANGO', 17, 25, 734, 759, 4),
(2272, 'TLAYACAPAN', 17, 26, 760, 768, 3),
(2273, 'TOTOLAPAN', 17, 27, 769, 775, 3),
(2274, 'XOCHITEPEC', 17, 28, 776, 798, 4),
(2275, 'YAUTEPEC', 17, 29, 799, 849, 5),
(2276, 'YECAPIXTLA', 17, 30, 850, 868, 3),
(2277, 'ZACATEPEC', 17, 31, 869, 894, 4),
(2278, 'ZACUALPAN', 17, 32, 895, 900, 5),
(2279, 'TEMOAC', 17, 33, 901, 906, 5),
(2280, 'CUERNAVACA', 17, 7, 907, 907, 1),
(2281, 'ACAPONETA', 18, 1, 1, 48, 1),
(2282, 'AHUACATLAN', 18, 2, 49, 65, 3),
(2283, 'AMATLAN DE CAÑAS', 18, 3, 66, 89, 3),
(2284, 'BAHIA DE BANDERAS', 18, 4, 90, 123, 3),
(2285, 'COMPOSTELA', 18, 5, 124, 195, 3),
(2286, 'HUAJICORI', 18, 6, 196, 214, 1),
(2287, 'IXTLAN DEL RIO', 18, 7, 215, 238, 3),
(2288, 'JALA', 18, 8, 239, 256, 3),
(2289, 'DEL NAYAR', 18, 9, 257, 276, 1),
(2290, 'ROSAMORADA', 18, 10, 277, 319, 1),
(2291, 'RUIZ', 18, 11, 320, 346, 1),
(2292, 'SAN BLAS', 18, 12, 347, 397, 3),
(2293, 'GRAL. ESCOBEDO', 19, 21, 430, 438, 3),
(2294, 'GRAL. ESCOBEDO', 19, 21, 440, 493, 3),
(2295, 'GRAL. TERAN', 19, 22, 494, 499, 9),
(2296, 'GRAL. TERAN', 19, 22, 502, 514, 9),
(2297, 'GRAL. TREVIÑO', 19, 23, 515, 517, 12),
(2298, 'GRAL. ZARAGOZA', 19, 24, 518, 522, 9),
(2299, 'GRAL. ZUAZUA', 19, 25, 523, 525, 12),
(2300, 'GUADALUPE', 19, 26, 526, 579, 8),
(2301, 'GUADALUPE', 19, 26, 580, 581, 11),
(2302, 'GUADALUPE', 19, 26, 582, 593, 8),
(2303, 'GUADALUPE', 19, 26, 594, 603, 11),
(2304, 'GUADALUPE', 19, 26, 604, 694, 8),
(2305, 'GUADALUPE', 19, 26, 695, 804, 11),
(2306, 'LOS HERRERAS', 19, 27, 805, 810, 12),
(2307, 'HIDALGO', 19, 28, 811, 819, 12),
(2308, 'HIGUERAS', 19, 29, 820, 821, 12),
(2309, 'HUALAHUISES', 19, 30, 822, 830, 9),
(2310, 'ITURBIDE', 19, 31, 831, 834, 9),
(2311, 'JUAREZ', 19, 32, 835, 839, 12),
(2312, 'JUAREZ', 19, 32, 841, 849, 12),
(2313, 'JUAREZ', 19, 32, 851, 853, 12),
(2314, 'LAMPAZOS DE NARANJO', 19, 33, 854, 859, 12),
(2315, 'LINARES', 19, 34, 860, 904, 9),
(2316, 'LINARES', 19, 34, 906, 907, 9),
(2317, 'MARIN', 19, 35, 908, 910, 12),
(2318, 'MELCHOR OCAMPO', 19, 36, 911, 912, 12),
(2319, 'MIER Y NORIEGA', 19, 37, 913, 923, 9),
(2320, 'MINA', 19, 38, 925, 925, 12),
(2321, 'MINA', 19, 38, 927, 928, 12),
(2322, 'MINA', 19, 38, 930, 930, 12),
(2323, 'MONTEMORELOS', 19, 39, 931, 954, 9),
(2324, 'MONTEMORELOS', 19, 39, 956, 974, 9),
(2325, 'MONTERREY', 19, 40, 975, 984, 5),
(2326, 'MONTERREY', 19, 40, 985, 986, 7),
(2327, 'MONTERREY', 19, 40, 987, 987, 5),
(2328, 'MONTERREY', 19, 40, 988, 1005, 7),
(2329, 'MONTERREY', 19, 40, 1006, 1008, 6),
(2330, 'MONTERREY', 19, 40, 1009, 1013, 7),
(2331, 'MONTERREY', 19, 40, 1014, 1016, 6),
(2332, 'MONTERREY', 19, 40, 1017, 1036, 7),
(2333, 'SAN NICOLAS DE LOS GARZA', 19, 47, 1761, 1772, 3);
INSERT INTO `distritos` (`id`, `nombre`, `estado`, `municipio`, `inicio`, `fin`, `distrito`) VALUES
(2334, 'SAN NICOLAS DE LOS GARZA', 19, 47, 1773, 1775, 4),
(2335, 'SAN NICOLAS DE LOS GARZA', 19, 47, 1776, 1807, 3),
(2336, 'SAN NICOLAS DE LOS GARZA', 19, 47, 1808, 1816, 4),
(2337, 'SAN NICOLAS DE LOS GARZA', 19, 47, 1817, 1817, 3),
(2338, 'SAN NICOLAS DE LOS GARZA', 19, 47, 1818, 1819, 4),
(2339, 'SAN NICOLAS DE LOS GARZA', 19, 47, 1820, 1844, 3),
(2340, 'SAN NICOLAS DE LOS GARZA', 19, 47, 1845, 1867, 4),
(2341, 'SAN NICOLAS DE LOS GARZA', 19, 47, 1868, 1871, 3),
(2342, 'SAN NICOLAS DE LOS GARZA', 19, 47, 1872, 1998, 4),
(2343, 'SANTA CATARINA', 19, 48, 1999, 2085, 1),
(2344, 'SANTIAGO', 19, 49, 2086, 2110, 9),
(2345, 'VALLECILLO', 19, 50, 2111, 2117, 12),
(2346, 'VILLALDAMA', 19, 51, 2118, 2123, 12),
(2347, 'MONTERREY', 19, 40, 2124, 2134, 5),
(2348, 'MONTERREY', 19, 40, 2135, 2135, 6),
(2349, 'GRAL. ESCOBEDO', 19, 21, 2136, 2165, 3),
(2350, 'APODACA', 19, 6, 2166, 2273, 2),
(2351, 'GARCIA', 19, 18, 2274, 2307, 12),
(2352, 'JUAREZ', 19, 32, 2308, 2407, 12),
(2353, 'MINA', 19, 38, 2408, 2410, 12),
(2354, 'SABINAS HIDALGO', 19, 45, 2411, 2415, 12),
(2355, 'ABEJONES', 20, 1, 1, 1, 4),
(2356, 'ACATLAN DE PEREZ FIGUEROA', 20, 2, 2, 34, 1),
(2357, 'ANIMAS TRUJANO', 20, 3, 35, 36, 9),
(2358, 'SANTA CRUZ XOXOCOTLAN', 20, 386, 37, 38, 8),
(2359, 'ASUNCION CACALOTEPEC', 20, 4, 39, 41, 4),
(2360, 'ASUNCION CUYOTEPEJI', 20, 5, 42, 42, 3),
(2361, 'ASUNCION IXTALTEPEC', 20, 6, 43, 56, 5),
(2362, 'ASUNCION NOCHIXTLAN', 20, 7, 57, 64, 3),
(2363, 'ASUNCION OCOTLAN', 20, 8, 65, 67, 4),
(2364, 'ASUNCION TLACOLULITA', 20, 9, 68, 69, 5),
(2365, 'AYOQUEZCO DE ALDAMA', 20, 10, 70, 73, 9),
(2366, 'AYOTZINTEPEC', 20, 11, 74, 76, 1),
(2367, 'EL BARRIO DE LA SOLEDAD', 20, 12, 77, 86, 5),
(2368, 'CALIHUALA', 20, 13, 87, 89, 6),
(2369, 'MAGDALENA TEQUISISTLAN', 20, 51, 380, 385, 5),
(2370, 'MAGDALENA TLACOTEPEC', 20, 52, 386, 386, 5),
(2371, 'MAGDALENA YODOCONO DE PORFIRIO DIAZ', 20, 53, 387, 387, 3),
(2372, 'MAGDALENA ZAHUATLAN', 20, 54, 388, 388, 3),
(2373, 'MARISCALA DE JUAREZ', 20, 55, 389, 395, 6),
(2374, 'MARTIRES DE TACUBAYA', 20, 56, 396, 396, 11),
(2375, 'MATIAS ROMERO AVENDAÑO', 20, 57, 397, 421, 7),
(2376, 'MAZATLAN VILLA DE FLORES', 20, 58, 422, 431, 2),
(2377, 'MIAHUATLAN DE PORFIRIO DIAZ', 20, 59, 432, 453, 10),
(2378, 'MIXISTLAN DE LA REFORMA', 20, 60, 454, 455, 4),
(2379, 'MONJAS', 20, 61, 456, 457, 10),
(2380, 'NATIVIDAD', 20, 62, 458, 458, 4),
(2381, 'NAZARENO ETLA', 20, 63, 459, 460, 3),
(2382, 'NEJAPA DE MADERO', 20, 64, 461, 468, 10),
(2383, 'NUEVO ZOQUIAPAM', 20, 65, 469, 469, 4),
(2384, 'OAXACA DE JUAREZ', 20, 66, 470, 616, 8),
(2385, 'OCOTLAN DE MORELOS', 20, 67, 617, 631, 4),
(2386, 'LA PE', 20, 68, 632, 632, 9),
(2387, 'PINOTEPA DE DON LUIS', 20, 69, 633, 637, 11),
(2388, 'PLUMA HIDALGO', 20, 70, 638, 642, 10),
(2389, 'PUTLA VILLA DE GUERRERO', 20, 71, 643, 660, 6),
(2390, 'REFORMA DE PINEDA', 20, 72, 661, 662, 7),
(2391, 'LA REFORMA', 20, 73, 663, 665, 11),
(2392, 'REYES ETLA', 20, 74, 666, 667, 3),
(2393, 'ROJAS DE CUAUHTEMOC', 20, 75, 668, 668, 4),
(2394, 'SALINA CRUZ', 20, 76, 669, 709, 5),
(2395, 'SAN AGUSTIN AMATENGO', 20, 77, 710, 711, 9),
(2396, 'SAN AGUSTIN ATENANGO', 20, 78, 712, 713, 6),
(2397, 'SAN AGUSTIN CHAYUCO', 20, 79, 714, 716, 11),
(2398, 'SAN AGUSTIN DE LAS JUNTAS', 20, 80, 717, 718, 9),
(2399, 'SAN AGUSTIN ETLA', 20, 81, 719, 720, 3),
(2400, 'SAN AGUSTIN LOXICHA', 20, 82, 721, 733, 10),
(2401, 'SAN AGUSTIN TLACOTEPEC', 20, 83, 734, 735, 6),
(2402, 'SAN AGUSTIN YATARENI', 20, 84, 736, 737, 4),
(2403, 'SAN ANDRES CABECERA NUEVA', 20, 85, 738, 740, 6),
(2404, 'SAN ANDRES DINICUITI', 20, 86, 741, 743, 3),
(2405, 'SAN ANDRES HUAXPALTEPEC', 20, 87, 744, 746, 11),
(2406, 'SAN CRISTOBAL AMATLAN', 20, 123, 831, 834, 10),
(2407, 'SAN CRISTOBAL AMOLTEPEC', 20, 124, 835, 835, 6),
(2408, 'SAN CRISTOBAL LACHIRIOAG', 20, 125, 836, 836, 4),
(2409, 'SAN CRISTOBAL SUCHIXTLAHUACA', 20, 126, 837, 837, 3),
(2410, 'SAN DIONISIO DEL MAR', 20, 127, 838, 840, 7),
(2411, 'SAN DIONISIO OCOTEPEC', 20, 128, 841, 845, 4),
(2412, 'SAN DIONISIO OCOTLAN', 20, 129, 846, 846, 4),
(2413, 'SAN ESTEBAN ATATLAHUCA', 20, 130, 847, 850, 6),
(2414, 'SAN FELIPE JALAPA DE DIAZ', 20, 131, 851, 861, 2),
(2415, 'SAN FELIPE TEJALAPAM', 20, 132, 862, 865, 3),
(2416, 'SAN FELIPE USILA', 20, 133, 866, 870, 2),
(2417, 'SAN FRANCISCO CAHUACUA', 20, 134, 871, 873, 9),
(2418, 'SAN FRANCISCO CAJONOS', 20, 135, 874, 874, 4),
(2419, 'SAN FRANCISCO CHAPULAPA', 20, 136, 875, 875, 2),
(2420, 'SAN FRANCISCO CHINDUA', 20, 137, 876, 876, 3),
(2421, 'SAN FRANCISCO DEL MAR', 20, 138, 877, 881, 7),
(2422, 'SAN FRANCISCO HUEHUETLAN', 20, 139, 882, 882, 2),
(2423, 'SAN FRANCISCO IXHUATAN', 20, 140, 883, 890, 7),
(2424, 'SAN FRANCISCO JALTEPETONGO', 20, 141, 891, 892, 3),
(2425, 'SAN FRANCISCO LACHIGOLO', 20, 142, 893, 893, 4),
(2426, 'SAN FRANCISCO LOGUECHE', 20, 143, 894, 895, 10),
(2427, 'SAN FRANCISCO NUXAÑO', 20, 144, 896, 896, 3),
(2428, 'SAN FRANCISCO OZOLOTEPEC', 20, 145, 897, 898, 10),
(2429, 'SAN FRANCISCO SOLA', 20, 146, 899, 899, 9),
(2430, 'SAN FRANCISCO TELIXTLAHUACA', 20, 147, 900, 905, 3),
(2431, 'SAN FRANCISCO TEOPAN', 20, 148, 906, 906, 3),
(2432, 'SAN FRANCISCO TLAPANCINGO', 20, 149, 907, 907, 6),
(2433, 'SAN GABRIEL MIXTEPEC', 20, 150, 908, 910, 11),
(2434, 'SAN ILDEFONSO AMATLAN', 20, 151, 911, 912, 10),
(2435, 'SAN ILDEFONSO SOLA', 20, 152, 913, 913, 9),
(2436, 'SAN ILDEFONSO VILLA ALTA', 20, 153, 914, 916, 4),
(2437, 'SAN JACINTO AMILPAS', 20, 154, 917, 919, 8),
(2438, 'SAN JACINTO TLACOTEPEC', 20, 155, 920, 920, 9),
(2439, 'SAN JERONIMO COATLAN', 20, 156, 921, 923, 10),
(2440, 'SAN JERONIMO SILACAYOAPILLA', 20, 157, 924, 926, 3),
(2441, 'SAN JERONIMO SOSOLA', 20, 158, 927, 930, 3),
(2442, 'SAN JERONIMO TAVICHE', 20, 159, 931, 931, 4),
(2443, 'SAN JERONIMO TECOATL', 20, 160, 932, 933, 2),
(2444, 'SAN JERONIMO TLACOCHAHUAYA', 20, 161, 934, 937, 4),
(2445, 'SAN JORGE NUCHITA', 20, 162, 938, 940, 6),
(2446, 'SAN JOSE AYUQUILA', 20, 163, 941, 942, 3),
(2447, 'SAN JOSE CHILTEPEC', 20, 164, 943, 948, 1),
(2448, 'SAN JOSE DEL PEÑASCO', 20, 165, 949, 950, 10),
(2449, 'SAN JOSE ESTANCIA GRANDE', 20, 166, 951, 951, 11),
(2450, 'SAN JOSE INDEPENDENCIA', 20, 167, 952, 954, 2),
(2451, 'SAN JOSE LACHIGUIRI', 20, 168, 955, 957, 10),
(2452, 'SAN JOSE DEL PROGRESO', 20, 169, 958, 961, 9),
(2453, 'SAN JOSE TENANGO', 20, 170, 962, 977, 2),
(2454, 'SAN JUAN ACHIUTLA', 20, 171, 978, 978, 3),
(2455, 'SAN JUAN ATEPEC', 20, 172, 979, 980, 4),
(2456, 'SAN JUAN BAUTISTA ATATLAHUCA', 20, 173, 981, 981, 2),
(2457, 'SAN JUAN BAUTISTA COIXTLAHUACA', 20, 174, 982, 985, 3),
(2458, 'SAN JUAN BAUTISTA CUICATLAN', 20, 175, 986, 998, 2),
(2459, 'SAN JUAN BAUTISTA GUELACHE', 20, 176, 999, 1001, 3),
(2460, 'SAN JUAN BAUTISTA JAYACATLAN', 20, 177, 1002, 1002, 3),
(2461, 'SAN JUAN BAUTISTA LO DE SOTO', 20, 178, 1003, 1004, 11),
(2462, 'SAN JUAN BAUTISTA SUCHITEPEC', 20, 179, 1005, 1006, 3),
(2463, 'SAN JUAN BAUTISTA TLACHICHILCO', 20, 180, 1007, 1008, 6),
(2464, 'SAN JUAN BAUTISTA TLACOATZINTEPEC', 20, 181, 1009, 1009, 2),
(2465, 'SAN JUAN BAUTISTA TUXTEPEC', 20, 182, 1010, 1083, 1),
(2466, 'SAN JUAN BAUTISTA VALLE NACIONAL', 20, 183, 1084, 1098, 2),
(2467, 'SAN JUAN CACAHUATEPEC', 20, 184, 1099, 1105, 11),
(2468, 'SAN JUAN CHICOMEZUCHIL', 20, 185, 1106, 1106, 4),
(2469, 'SAN JUAN CHILATECA', 20, 186, 1107, 1107, 4),
(2470, 'CHIQUIHUITLAN DE BENITO JUAREZ', 20, 187, 1108, 1109, 2),
(2471, 'SAN JUAN CIENEGUILLA', 20, 188, 1110, 1110, 6),
(2472, 'SAN JUAN COATZOSPAM', 20, 189, 1111, 1111, 2),
(2473, 'SAN JUAN COLORADO', 20, 190, 1112, 1116, 11),
(2474, 'SAN JUAN COMALTEPEC', 20, 191, 1117, 1118, 4),
(2475, 'SAN JUAN COTZOCON', 20, 192, 1119, 1128, 7),
(2476, 'SAN JUAN DE LOS CUES', 20, 193, 1129, 1130, 2),
(2477, 'SAN JUAN DEL ESTADO', 20, 194, 1131, 1132, 3),
(2478, 'SAN JUAN DEL RIO', 20, 195, 1133, 1133, 4),
(2479, 'SAN JUAN DIUXI', 20, 196, 1134, 1135, 3),
(2480, 'SAN JUAN EVANGELISTA ANALCO', 20, 197, 1136, 1136, 4),
(2481, 'SAN JUAN GUELAVIA', 20, 198, 1137, 1138, 4),
(2482, 'SAN JUAN GUICHICOVI', 20, 199, 1139, 1161, 7),
(2483, 'SAN JUAN IHUALTEPEC', 20, 200, 1162, 1163, 6),
(2484, 'SAN JUAN JUQUILA MIXES', 20, 201, 1164, 1167, 4),
(2485, 'SAN JUAN JUQUILA VIJANOS', 20, 202, 1168, 1169, 4),
(2486, 'SAN JUAN LACHAO', 20, 203, 1170, 1171, 11),
(2487, 'SAN JUAN LACHIGALLA', 20, 204, 1172, 1175, 9),
(2488, 'SAN JUAN LAJARCIA', 20, 205, 1176, 1176, 10),
(2489, 'SAN JUAN LALANA', 20, 206, 1177, 1183, 7),
(2490, 'SAN JUAN MAZATLAN', 20, 207, 1184, 1192, 7),
(2491, 'SAN JUAN MIXTEPEC', 20, 208, 1193, 1203, 6),
(2492, 'SAN JUAN MIXTEPEC', 20, 209, 1204, 1204, 10),
(2493, 'SAN JUAN ÑUMI', 20, 210, 1205, 1209, 6),
(2494, 'SAN JUAN OZOLOTEPEC', 20, 211, 1210, 1212, 10),
(2495, 'SAN JUAN PETLAPA', 20, 212, 1213, 1214, 4),
(2496, 'SAN JUAN QUIAHIJE', 20, 213, 1215, 1216, 11),
(2497, 'SAN JUAN QUIOTEPEC', 20, 214, 1217, 1218, 4),
(2498, 'SAN JUAN SAYULTEPEC', 20, 215, 1219, 1219, 3),
(2499, 'SAN JUAN TABAA', 20, 216, 1220, 1220, 4),
(2500, 'SAN JUAN TAMAZOLA', 20, 217, 1221, 1224, 3),
(2501, 'SAN JUAN TEITA', 20, 218, 1225, 1225, 6),
(2502, 'SAN JUAN TEITIPAC', 20, 219, 1226, 1227, 4),
(2503, 'SAN JUAN TEPEUXILA', 20, 220, 1228, 1231, 2),
(2504, 'SAN JUAN TEPOSCOLULA', 20, 221, 1232, 1233, 3),
(2505, 'SAN JUAN YAEE', 20, 222, 1234, 1235, 4),
(2506, 'SAN JUAN YATZONA', 20, 223, 1236, 1236, 4),
(2507, 'SAN JUAN YUCUITA', 20, 224, 1237, 1237, 3),
(2508, 'SAN LORENZO', 20, 225, 1238, 1240, 11),
(2509, 'SAN LORENZO ALBARRADAS', 20, 226, 1241, 1242, 4),
(2510, 'SAN LORENZO CACAOTEPEC', 20, 227, 1243, 1247, 3),
(2511, 'SAN LORENZO CUAUNECUILTITLA', 20, 228, 1248, 1248, 2),
(2512, 'SAN LORENZO TEXMELUCAN', 20, 229, 1249, 1250, 9),
(2513, 'SAN LORENZO VICTORIA', 20, 230, 1251, 1252, 6),
(2514, 'SAN LUCAS CAMOTLAN', 20, 231, 1253, 1253, 4),
(2515, 'SAN LUCAS OJITLAN', 20, 232, 1254, 1265, 2),
(2516, 'SAN LUCAS QUIAVINI', 20, 233, 1266, 1266, 4),
(2517, 'SAN LUCAS ZOQUIAPAM', 20, 234, 1267, 1270, 2),
(2518, 'SAN LUIS AMATLAN', 20, 235, 1271, 1275, 10),
(2519, 'SAN MARCIAL OZOLOTEPEC', 20, 236, 1276, 1277, 10),
(2520, 'SAN MARCOS ARTEAGA', 20, 237, 1278, 1281, 6),
(2521, 'SAN MARTIN DE LOS CANSECOS', 20, 238, 1282, 1282, 9),
(2522, 'SAN MARTIN HUAMELULPAM', 20, 239, 1283, 1283, 3),
(2523, 'SAN MARTIN ITUNYOSO', 20, 240, 1284, 1284, 6),
(2524, 'SAN MARTIN LACHILA', 20, 241, 1285, 1285, 9),
(2525, 'SAN MARTIN PERAS', 20, 242, 1286, 1290, 6),
(2526, 'SAN MARTIN TILCAJETE', 20, 243, 1291, 1291, 4),
(2527, 'SAN MARTIN TOXPALAN', 20, 244, 1292, 1293, 2),
(2528, 'SAN MARTIN ZACATEPEC', 20, 245, 1294, 1295, 6),
(2529, 'SAN MATEO CAJONOS', 20, 246, 1296, 1296, 4),
(2530, 'SAN MATEO DEL MAR', 20, 247, 1297, 1301, 5),
(2531, 'SAN MATEO ETLATONGO', 20, 248, 1302, 1302, 3),
(2532, 'SAN MATEO NEJAPAM', 20, 249, 1303, 1303, 6),
(2533, 'SAN MATEO PEÑASCO', 20, 250, 1304, 1305, 6),
(2534, 'SAN MATEO PIÑAS', 20, 251, 1306, 1309, 10),
(2535, 'SAN MATEO RIO HONDO', 20, 252, 1310, 1313, 10),
(2536, 'SAN MATEO SINDIHUI', 20, 253, 1314, 1314, 3),
(2537, 'SAN MATEO TLAPILTEPEC', 20, 254, 1315, 1315, 3),
(2538, 'SAN MATEO YOLOXOCHITLAN', 20, 255, 1316, 1317, 2),
(2539, 'SAN MELCHOR BETAZA', 20, 256, 1318, 1318, 4),
(2540, 'SAN MIGUEL ACHIUTLA', 20, 257, 1319, 1319, 3),
(2541, 'SAN MIGUEL AHUEHUETITLAN', 20, 258, 1320, 1321, 6),
(2542, 'SAN MIGUEL ALOAPAM', 20, 259, 1322, 1323, 4),
(2543, 'SAN MIGUEL AMATITLAN', 20, 260, 1324, 1332, 3),
(2544, 'SAN MIGUEL AMATLAN', 20, 261, 1333, 1335, 4),
(2545, 'SAN MIGUEL CHICAHUA', 20, 262, 1336, 1337, 3),
(2546, 'SAN MIGUEL CHIMALAPA', 20, 263, 1338, 1344, 7),
(2547, 'SAN MIGUEL COATLAN', 20, 264, 1345, 1346, 10),
(2548, 'SAN MIGUEL DEL PUERTO', 20, 265, 1347, 1351, 10),
(2549, 'SAN MIGUEL DEL RIO', 20, 266, 1352, 1352, 4),
(2550, 'SAN MIGUEL EJUTLA', 20, 267, 1353, 1353, 9),
(2551, 'SAN MIGUEL EL GRANDE', 20, 268, 1354, 1358, 6),
(2552, 'SAN MIGUEL HUAUTLA', 20, 269, 1359, 1360, 3),
(2553, 'SAN MIGUEL MIXTEPEC', 20, 270, 1361, 1362, 9),
(2554, 'SAN MIGUEL PANIXTLAHUACA', 20, 271, 1363, 1364, 11),
(2555, 'SAN MIGUEL PERAS', 20, 272, 1365, 1366, 9),
(2556, 'SAN MIGUEL PIEDRAS', 20, 273, 1367, 1367, 3),
(2557, 'SAN MIGUEL QUETZALTEPEC', 20, 274, 1368, 1370, 4),
(2558, 'SAN MIGUEL SANTA FLOR', 20, 275, 1371, 1371, 2),
(2559, 'SAN MIGUEL SOYALTEPEC', 20, 276, 1372, 1395, 1),
(2560, 'SAN MIGUEL SUCHIXTEPEC', 20, 277, 1396, 1397, 10),
(2561, 'VILLA TALEA DE CASTRO', 20, 278, 1398, 1400, 4),
(2562, 'SAN MIGUEL TECOMATLAN', 20, 279, 1401, 1401, 3),
(2563, 'SAN MIGUEL TENANGO', 20, 280, 1402, 1403, 5),
(2564, 'SAN MIGUEL TEQUIXTEPEC', 20, 281, 1404, 1406, 3),
(2565, 'SAN MIGUEL TILQUIAPAM', 20, 282, 1407, 1408, 4),
(2566, 'SAN MIGUEL TLACAMAMA', 20, 283, 1409, 1410, 11),
(2567, 'SAN MIGUEL TLACOTEPEC', 20, 284, 1411, 1414, 6),
(2568, 'SAN MIGUEL TULANCINGO', 20, 285, 1415, 1415, 3),
(2569, 'SAN MIGUEL YOTAO', 20, 286, 1416, 1416, 4),
(2570, 'SAN NICOLAS', 20, 287, 1417, 1417, 9),
(2571, 'SAN NICOLAS HIDALGO', 20, 288, 1418, 1418, 6),
(2572, 'SAN PABLO COATLAN', 20, 289, 1419, 1421, 10),
(2573, 'SAN PABLO CUATRO VENADOS', 20, 290, 1422, 1422, 9),
(2574, 'SAN PABLO ETLA', 20, 291, 1423, 1425, 3),
(2575, 'SAN PABLO HUITZO', 20, 292, 1426, 1430, 3),
(2576, 'SAN PABLO HUIXTEPEC', 20, 293, 1431, 1436, 9),
(2577, 'SAN PABLO MACUILTIANGUIS', 20, 294, 1437, 1437, 4),
(2578, 'SAN PABLO TIJALTEPEC', 20, 295, 1438, 1439, 6),
(2579, 'SAN PABLO VILLA DE MITLA', 20, 296, 1440, 1447, 4),
(2580, 'SAN PABLO YAGANIZA', 20, 297, 1448, 1448, 4),
(2581, 'SAN PEDRO AMUZGOS', 20, 298, 1449, 1451, 11),
(2582, 'SAN PEDRO APOSTOL', 20, 299, 1452, 1453, 4),
(2583, 'SAN ANDRES HUAYAPAM', 20, 88, 747, 748, 4),
(2584, 'SAN ANDRES IXTLAHUACA', 20, 89, 749, 749, 3),
(2585, 'SAN ANDRES LAGUNAS', 20, 90, 750, 750, 3),
(2586, 'SAN ANDRES NUXIÑO', 20, 91, 751, 752, 3),
(2587, 'SAN ANDRES PAXTLAN', 20, 92, 753, 755, 10),
(2588, 'SAN ANDRES SINAXTLA', 20, 93, 756, 756, 3),
(2589, 'SAN ANDRES SOLAGA', 20, 94, 757, 758, 4),
(2590, 'SAN ANDRES TEOTILALPAM', 20, 95, 759, 760, 2),
(2591, 'SAN ANDRES TEPETLAPA', 20, 96, 761, 761, 6),
(2592, 'SAN ANDRES YAA', 20, 97, 762, 762, 4),
(2593, 'SAN ANDRES ZABACHE', 20, 98, 763, 763, 9),
(2594, 'SAN ANDRES ZAUTLA', 20, 99, 764, 765, 3),
(2595, 'SAN ANTONINO CASTILLO VELASCO', 20, 100, 766, 769, 4),
(2596, 'SAN ANTONINO EL ALTO', 20, 101, 770, 771, 9),
(2597, 'SAN ANTONINO MONTE VERDE', 20, 102, 772, 775, 6),
(2598, 'SAN ANTONIO ACUTLA', 20, 103, 776, 776, 3),
(2599, 'SAN ANTONIO DE LA CAL', 20, 104, 777, 781, 9),
(2600, 'SAN ANTONIO HUITEPEC', 20, 105, 782, 787, 9),
(2601, 'SAN ANTONIO NANAHUATIPAM', 20, 106, 788, 788, 2),
(2602, 'SAN ANTONIO SINICAHUA', 20, 107, 789, 789, 6),
(2603, 'SAN ANTONIO TEPETLAPA', 20, 108, 790, 791, 11),
(2604, 'SAN BALTAZAR CHICHICAPAM', 20, 109, 792, 793, 4),
(2605, 'SAN BALTAZAR LOXICHA', 20, 110, 794, 794, 10),
(2606, 'SAN BALTAZAR YATZACHI EL BAJO', 20, 111, 795, 797, 4),
(2607, 'SAN BARTOLO COYOTEPEC', 20, 112, 798, 800, 9),
(2608, 'SAN BARTOLO SOYALTEPEC', 20, 113, 801, 802, 3),
(2609, 'SAN BARTOLO YAUTEPEC', 20, 114, 803, 803, 10),
(2610, 'SAN BARTOLOME AYAUTLA', 20, 115, 804, 806, 2),
(2611, 'SAN BARTOLOME LOXICHA', 20, 116, 807, 808, 10),
(2612, 'SAN BARTOLOME QUIALANA', 20, 117, 809, 809, 4),
(2613, 'SAN BARTOLOME YUCUAÑE', 20, 118, 810, 810, 3),
(2614, 'SAN BARTOLOME ZOOGOCHO', 20, 119, 811, 811, 4),
(2615, 'SAN BERNARDO MIXTEPEC', 20, 120, 812, 813, 9),
(2616, 'SAN BLAS ATEMPA', 20, 121, 814, 819, 5),
(2617, 'SAN CARLOS YAUTEPEC', 20, 122, 820, 830, 10),
(2618, 'SAN PEDRO Y SAN PABLO TEPOSCOLULA', 20, 334, 1589, 1593, 3),
(2619, 'SAN PEDRO Y SAN PABLO TEQUIXTEPEC', 20, 335, 1594, 1600, 3),
(2620, 'SAN PEDRO YANERI', 20, 336, 1601, 1601, 4),
(2621, 'SAN PEDRO YOLOX', 20, 337, 1602, 1603, 4),
(2622, 'SAN PEDRO YUCUNAMA', 20, 338, 1604, 1604, 3),
(2623, 'SAN RAYMUNDO JALPAN', 20, 339, 1605, 1605, 8),
(2624, 'SAN SEBASTIAN ABASOLO', 20, 340, 1606, 1606, 4),
(2625, 'SAN SEBASTIAN COATLAN', 20, 341, 1607, 1608, 10),
(2626, 'SAN SEBASTIAN IXCAPA', 20, 342, 1609, 1612, 11),
(2627, 'SAN SEBASTIAN NICANANDUTA', 20, 343, 1613, 1613, 6),
(2628, 'SAN SEBASTIAN RIO HONDO', 20, 344, 1614, 1616, 10),
(2629, 'SAN SEBASTIAN TECOMAXTLAHUACA', 20, 345, 1617, 1625, 6),
(2630, 'SAN SEBASTIAN TEITIPAC', 20, 346, 1626, 1626, 4),
(2631, 'SAN SEBASTIAN TUTLA', 20, 347, 1627, 1633, 9),
(2632, 'SAN SIMON ALMOLONGAS', 20, 348, 1634, 1635, 10),
(2633, 'SAN SIMON ZAHUATLAN', 20, 349, 1636, 1636, 6),
(2634, 'SAN VICENTE COATLAN', 20, 350, 1637, 1638, 9),
(2635, 'SAN VICENTE LACHIXIO', 20, 351, 1639, 1639, 9),
(2636, 'SAN VICENTE NUÑU', 20, 352, 1640, 1640, 3),
(2637, 'SANTA ANA', 20, 353, 1641, 1641, 10),
(2638, 'SANTA ANA ATEIXTLAHUACA', 20, 354, 1642, 1642, 2),
(2639, 'SANTA ANA CUAUHTEMOC', 20, 355, 1643, 1643, 2),
(2640, 'SANTA ANA DEL VALLE', 20, 356, 1644, 1645, 4),
(2641, 'SANTA ANA TAVELA', 20, 357, 1646, 1646, 10),
(2642, 'SANTA ANA TLAPACOYAN', 20, 358, 1647, 1648, 9),
(2643, 'SANTA ANA YARENI', 20, 359, 1649, 1649, 4),
(2644, 'SANTA ANA ZEGACHE', 20, 360, 1650, 1651, 4),
(2645, 'SANTA CATALINA QUIERI', 20, 361, 1652, 1652, 10),
(2646, 'SANTA CATARINA CUIXTLA', 20, 362, 1653, 1653, 10),
(2647, 'SANTA CATARINA IXTEPEJI', 20, 363, 1654, 1657, 4),
(2648, 'SANTA CATARINA JUQUILA', 20, 364, 1658, 1664, 11),
(2649, 'SANTA CATARINA LACHATAO', 20, 365, 1665, 1667, 4),
(2650, 'SANTA CATARINA LOXICHA', 20, 366, 1668, 1670, 10),
(2651, 'SANTA CATARINA MECHOACAN', 20, 367, 1671, 1672, 11),
(2652, 'SANTA CATARINA MINAS', 20, 368, 1673, 1674, 4),
(2653, 'SANTA MARIA CHILCHOTLA', 20, 404, 1793, 1809, 2),
(2654, 'SANTA MARIA CHIMALAPA', 20, 405, 1810, 1815, 7),
(2655, 'SANTA MARIA COLOTEPEC', 20, 406, 1816, 1825, 11),
(2656, 'SANTA MARIA CORTIJO', 20, 407, 1826, 1826, 11),
(2657, 'SANTA MARIA COYOTEPEC', 20, 408, 1827, 1827, 9),
(2658, 'SANTA MARIA DEL ROSARIO', 20, 409, 1828, 1828, 3),
(2659, 'SANTA MARIA DEL TULE', 20, 410, 1829, 1833, 4),
(2660, 'SANTA MARIA ECATEPEC', 20, 411, 1834, 1837, 10),
(2661, 'SANTA MARIA GUELACE', 20, 412, 1838, 1838, 4),
(2662, 'SANTA MARIA GUIENAGATI', 20, 413, 1839, 1840, 5),
(2663, 'SANTA MARIA HUATULCO', 20, 414, 1841, 1850, 10),
(2664, 'SANTA MARIA HUAZOLOTITLAN', 20, 415, 1851, 1855, 11),
(2665, 'SANTA MARIA IPALAPA', 20, 416, 1856, 1858, 11),
(2666, 'SANTA MARIA IXCATLAN', 20, 417, 1859, 1859, 2),
(2667, 'SANTA MARIA JACATEPEC', 20, 418, 1860, 1865, 1),
(2668, 'SANTA MARIA JALAPA DEL MARQUES', 20, 419, 1866, 1872, 5),
(2669, 'SANTA MARIA JALTIANGUIS', 20, 420, 1873, 1873, 4),
(2670, 'SANTA MARIA LACHIXIO', 20, 421, 1874, 1874, 9),
(2671, 'SANTA MARIA MIXTEQUILLA', 20, 422, 1875, 1877, 5),
(2672, 'SANTA MARIA NATIVITAS', 20, 423, 1878, 1879, 3),
(2673, 'SANTA MARIA NDUAYACO', 20, 424, 1880, 1881, 3),
(2674, 'SANTA MARIA OZOLOTEPEC', 20, 425, 1882, 1886, 10),
(2675, 'SANTA MARIA PAPALO', 20, 426, 1887, 1887, 2),
(2676, 'SANTA MARIA PETAPA', 20, 427, 1888, 1897, 7),
(2677, 'SANTA MARIA PEÑOLES', 20, 428, 1898, 1902, 3),
(2678, 'SANTA MARIA QUIEGOLANI', 20, 429, 1903, 1903, 10),
(2679, 'SANTA MARIA SOLA', 20, 430, 1904, 1904, 9),
(2680, 'SANTA MARIA TATALTEPEC', 20, 431, 1905, 1905, 3),
(2681, 'SANTA MARIA TECOMAVACA', 20, 432, 1906, 1906, 2),
(2682, 'SANTA MARIA TEMAXCALAPA', 20, 433, 1907, 1907, 4),
(2683, 'SANTA MARIA TEMAXCALTEPEC', 20, 434, 1908, 1908, 11),
(2684, 'SANTA MARIA TEOPOXCO', 20, 435, 1909, 1910, 2),
(2685, 'SANTA MARIA TEPANTLALI', 20, 436, 1911, 1912, 4),
(2686, 'SANTA MARIA TEXCATITLAN', 20, 437, 1913, 1913, 2),
(2687, 'SANTA MARIA TLAHUITOLTEPEC', 20, 438, 1914, 1917, 4),
(2688, 'SANTIAGO LAOLLAGA', 20, 473, 2057, 2059, 5),
(2689, 'SANTIAGO LAXOPA', 20, 474, 2060, 2061, 4),
(2690, 'SANTIAGO LLANO GRANDE', 20, 475, 2062, 2064, 11),
(2691, 'SANTIAGO MATATLAN', 20, 476, 2065, 2069, 4),
(2692, 'SANTIAGO MILTEPEC', 20, 477, 2070, 2070, 3),
(2693, 'SANTIAGO MINAS', 20, 478, 2071, 2071, 9),
(2694, 'SANTIAGO NACALTEPEC', 20, 479, 2072, 2075, 3),
(2695, 'SANTIAGO NEJAPILLA', 20, 480, 2076, 2076, 3),
(2696, 'SANTIAGO NILTEPEC', 20, 481, 2077, 2083, 7),
(2697, 'SANTIAGO NUNDICHE', 20, 482, 2084, 2085, 6),
(2698, 'SANTIAGO NUYOO', 20, 483, 2086, 2087, 6),
(2699, 'SANTIAGO PINOTEPA NACIONAL', 20, 484, 2088, 2111, 11),
(2700, 'SANTIAGO SUCHILQUITONGO', 20, 485, 2112, 2116, 3),
(2701, 'SANTIAGO TAMAZOLA', 20, 486, 2117, 2122, 6),
(2702, 'SANTIAGO TAPEXTLA', 20, 487, 2123, 2124, 11),
(2703, 'SANTIAGO TENANGO', 20, 488, 2125, 2126, 3),
(2704, 'SANTIAGO TEPETLAPA', 20, 489, 2127, 2127, 3),
(2705, 'SANTIAGO TETEPEC', 20, 490, 2128, 2130, 11),
(2706, 'SANTIAGO TEXCALCINGO', 20, 491, 2131, 2132, 2),
(2707, 'SANTIAGO TEXTITLAN', 20, 492, 2133, 2134, 9),
(2708, 'SANTIAGO TILANTONGO', 20, 493, 2135, 2138, 3),
(2709, 'SANTIAGO TILLO', 20, 494, 2139, 2139, 3),
(2710, 'SANTIAGO TLAZOYALTEPEC', 20, 495, 2140, 2143, 3),
(2711, 'SANTIAGO XANICA', 20, 496, 2144, 2147, 10),
(2712, 'SANTIAGO XIACUI', 20, 497, 2148, 2149, 4),
(2713, 'SANTIAGO YAITEPEC', 20, 498, 2150, 2150, 11),
(2714, 'SANTIAGO YAVEO', 20, 499, 2151, 2155, 7),
(2715, 'SANTIAGO YOLOMECATL', 20, 500, 2156, 2157, 3),
(2716, 'SANTIAGO YOSONDUA', 20, 501, 2158, 2164, 6),
(2717, 'SANTIAGO YUCUYACHI', 20, 502, 2165, 2166, 6),
(2718, 'SANTIAGO ZACATEPEC', 20, 503, 2167, 2170, 4),
(2719, 'SANTIAGO ZOOCHILA', 20, 504, 2171, 2171, 4),
(2720, 'SANTO DOMINGO ALBARRADAS', 20, 505, 2172, 2172, 4),
(2721, 'SANTO DOMINGO ARMENTA', 20, 506, 2173, 2174, 11),
(2722, 'SANTO DOMINGO CHIHUITAN', 20, 507, 2175, 2175, 5),
(2723, 'SANTO DOMINGO DE MORELOS', 20, 508, 2176, 2179, 10),
(2724, 'SANTO DOMINGO INGENIO', 20, 509, 2180, 2184, 7),
(2725, 'TEOTITLAN DE FLORES MAGON', 20, 545, 2325, 2330, 2),
(2726, 'TEOTITLAN DEL VALLE', 20, 546, 2331, 2334, 4),
(2727, 'TEOTONGO', 20, 547, 2335, 2335, 3),
(2728, 'TEPELMEME VILLA DE MORELOS', 20, 548, 2336, 2338, 3),
(2729, 'TEZOATLAN DE SEGURA Y LUNA', 20, 549, 2339, 2351, 6),
(2730, 'TLACOLULA DE MATAMOROS', 20, 550, 2352, 2361, 4),
(2731, 'TLACOTEPEC PLUMAS', 20, 551, 2362, 2362, 3),
(2732, 'TLALIXTAC DE CABRERA', 20, 552, 2363, 2366, 4),
(2733, 'HEROICA CIUDAD DE TLAXIACO', 20, 553, 2367, 2385, 6),
(2734, 'TOTONTEPEC VILLA DE MORELOS', 20, 554, 2386, 2390, 4),
(2735, 'TRINIDAD ZAACHILA', 20, 555, 2391, 2392, 9),
(2736, 'LA TRINIDAD VISTA HERMOSA', 20, 556, 2393, 2393, 3),
(2737, 'UNION HIDALGO', 20, 557, 2394, 2404, 7),
(2738, 'VALERIO TRUJANO', 20, 558, 2405, 2406, 2),
(2739, 'CAPULALPAM DE MENDEZ', 20, 559, 2407, 2407, 4),
(2740, 'VILLA DE ETLA', 20, 560, 2408, 2411, 3),
(2741, 'VILLA DIAZ ORDAZ', 20, 561, 2412, 2416, 4),
(2742, 'VILLA HIDALGO', 20, 562, 2417, 2418, 4),
(2743, 'YAXE', 20, 563, 2419, 2420, 9),
(2744, 'YOGANA', 20, 564, 2421, 2421, 9),
(2745, 'YUTANDUCHI DE GUERRERO', 20, 565, 2422, 2422, 3),
(2746, 'VILLA DE ZAACHILA', 20, 566, 2423, 2429, 9),
(2747, 'ZAPOTITLAN DEL RIO', 20, 567, 2430, 2431, 9),
(2748, 'ZAPOTITLAN LAGUNAS', 20, 568, 2432, 2434, 6),
(2749, 'ZAPOTITLAN PALMAS', 20, 569, 2435, 2435, 3),
(2750, 'ZIMATLAN DE ALVAREZ', 20, 570, 2436, 2449, 9),
(2751, 'SAN MIGUEL DEL PUERTO', 20, 265, 2450, 2450, 10),
(2752, 'HEROICA CIUDAD DE HUAJUAPAN DE LEON', 20, 37, 2451, 2451, 3),
(2753, 'HEROICA CIUDAD DE TLAXIACO', 20, 553, 2452, 2452, 6),
(2754, 'SANTIAGO JUXTLAHUACA', 20, 470, 2453, 2453, 6),
(2755, 'ACAJETE', 21, 1, 1, 19, 7),
(2756, 'ACATENO', 21, 2, 20, 27, 3),
(2757, 'ACATLAN', 21, 3, 28, 44, 14),
(2758, 'ACATZINGO', 21, 4, 45, 60, 7),
(2759, 'ACTEOPAN', 21, 5, 61, 63, 13),
(2760, 'AHUACATLAN', 21, 6, 64, 70, 4),
(2761, 'AHUATLAN', 21, 7, 71, 74, 13),
(2762, 'AHUAZOTEPEC', 21, 8, 75, 78, 2),
(2763, 'CHIETLA', 21, 52, 439, 458, 14),
(2764, 'CHIGMECATITLAN', 21, 53, 459, 460, 13),
(2765, 'CHIGNAHUAPAN', 21, 54, 461, 488, 2),
(2766, 'CHIGNAUTLA', 21, 55, 489, 495, 4),
(2767, 'CHILA', 21, 56, 496, 499, 14),
(2768, 'CHILA DE LA SAL', 21, 57, 500, 501, 14),
(2769, 'HONEY', 21, 58, 502, 504, 1),
(2770, 'CHILCHOTLA', 21, 59, 505, 511, 3),
(2771, 'CHINANTLA', 21, 60, 512, 514, 14),
(2772, 'DOMINGO ARENAS', 21, 61, 515, 517, 5),
(2773, 'ELOXOCHITLAN', 21, 62, 518, 523, 16),
(2774, 'EPATLAN', 21, 63, 524, 525, 13),
(2775, 'ESPERANZA', 21, 64, 526, 534, 8),
(2776, 'FRANCISCO Z. MENA', 21, 65, 535, 543, 1),
(2777, 'GENERAL FELIPE ANGELES', 21, 66, 544, 550, 8),
(2778, 'GUADALUPE', 21, 67, 551, 554, 14),
(2779, 'GUADALUPE VICTORIA', 21, 68, 555, 564, 3),
(2780, 'HERMENEGILDO GALEANA', 21, 69, 565, 568, 4),
(2781, 'HUAQUECHULA', 21, 70, 569, 587, 13),
(2782, 'HUATLATLAUCA', 21, 71, 588, 593, 13),
(2783, 'HUAUCHINANGO', 21, 72, 594, 630, 1),
(2784, 'HUEHUETLA', 21, 73, 631, 639, 4),
(2785, 'HUEHUETLAN EL CHICO', 21, 74, 640, 645, 14),
(2786, 'HUEHUETLAN EL GRANDE', 21, 75, 646, 650, 13),
(2787, 'HUEJOTZINGO', 21, 76, 651, 672, 5),
(2788, 'HUEYAPAN', 21, 77, 673, 677, 4),
(2789, 'HUEYTAMALCO', 21, 78, 678, 692, 3),
(2790, 'HUEYTLALPAN', 21, 79, 693, 695, 4),
(2791, 'HUITZILAN DE SERDAN', 21, 80, 696, 700, 4),
(2792, 'HUITZILTEPEC', 21, 81, 701, 703, 13),
(2793, 'ATLEQUIZAYAN', 21, 82, 704, 705, 4),
(2794, 'IXCAMILPA DE GUERRERO', 21, 83, 706, 708, 14),
(2795, 'IXCAQUIXTLA', 21, 84, 709, 711, 16),
(2796, 'IXTACAMAXTITLAN', 21, 85, 712, 726, 2),
(2797, 'IXTEPEC', 21, 86, 727, 729, 4),
(2798, 'IZUCAR DE MATAMOROS', 21, 87, 730, 763, 14),
(2799, 'JALPAN', 21, 88, 764, 769, 1),
(2800, 'JOLALPAN', 21, 89, 770, 775, 14),
(2801, 'JONOTLA', 21, 90, 776, 778, 4),
(2802, 'JOPALA', 21, 91, 779, 785, 1),
(2803, 'JUAN C. BONILLA', 21, 92, 786, 791, 10),
(2804, 'PUEBLA', 21, 115, 1257, 1259, 11),
(2805, 'PUEBLA', 21, 115, 1260, 1260, 12),
(2806, 'PUEBLA', 21, 115, 1261, 1308, 6),
(2807, 'PUEBLA', 21, 115, 1309, 1312, 9),
(2808, 'PUEBLA', 21, 115, 1313, 1325, 6),
(2809, 'PUEBLA', 21, 115, 1326, 1330, 9),
(2810, 'PUEBLA', 21, 115, 1331, 1347, 6),
(2811, 'PUEBLA', 21, 115, 1348, 1352, 9),
(2812, 'PUEBLA', 21, 115, 1353, 1362, 6),
(2813, 'PUEBLA', 21, 115, 1363, 1369, 9),
(2814, 'PUEBLA', 21, 115, 1370, 1376, 6),
(2815, 'PUEBLA', 21, 115, 1377, 1381, 9),
(2816, 'PUEBLA', 21, 115, 1382, 1389, 6),
(2817, 'PUEBLA', 21, 115, 1390, 1395, 9),
(2818, 'PUEBLA', 21, 115, 1396, 1405, 6),
(2819, 'PUEBLA', 21, 115, 1406, 1407, 9),
(2820, 'PUEBLA', 21, 115, 1408, 1408, 6),
(2821, 'PUEBLA', 21, 115, 1409, 1409, 9),
(2822, 'PUEBLA', 21, 115, 1410, 1422, 6),
(2823, 'PUEBLA', 21, 115, 1423, 1541, 12),
(2824, 'PUEBLA', 21, 115, 1542, 1549, 6),
(2825, 'PUEBLA', 21, 115, 1550, 1567, 12),
(2826, 'PUEBLA', 21, 115, 1568, 1581, 6),
(2827, 'PUEBLA', 21, 115, 1582, 1582, 12),
(2828, 'PUEBLA', 21, 115, 1583, 1589, 6),
(2829, 'PUEBLA', 21, 115, 1590, 1593, 12),
(2830, 'PUEBLA', 21, 115, 1594, 1598, 6),
(2831, 'PUEBLA', 21, 115, 1599, 1600, 12),
(2832, 'PUEBLA', 21, 115, 1601, 1601, 6),
(2833, 'PUEBLA', 21, 115, 1602, 1609, 12),
(2834, 'QUECHOLAC', 21, 116, 1610, 1625, 8),
(2835, 'QUIMIXTLAN', 21, 117, 1626, 1635, 3),
(2836, 'RAFAEL LARA GRAJALES', 21, 118, 1636, 1642, 2),
(2837, 'LOS REYES DE JUAREZ', 21, 119, 1643, 1650, 7),
(2838, 'SAN ANDRES CHOLULA', 21, 120, 1651, 1671, 10),
(2839, 'SAN ANTONIO CAÑADA', 21, 121, 1672, 1673, 16),
(2840, 'SAN DIEGO LA MESA TOCHIMILTZINGO', 21, 122, 1674, 1676, 13),
(2841, 'SAN FELIPE TEOTLALCINGO', 21, 123, 1677, 1681, 5),
(2842, 'SAN FELIPE TEPATLAN', 21, 124, 1682, 1684, 4),
(2843, 'SAN GABRIEL CHILAC', 21, 125, 1685, 1690, 16),
(2844, 'SAN GREGORIO ATZOMPA', 21, 126, 1691, 1694, 10),
(2845, 'SAN JERONIMO TECUANIPAN', 21, 127, 1695, 1697, 10),
(2846, 'SAN JERONIMO XAYACATLAN', 21, 128, 1698, 1701, 14),
(2847, 'TEPEXCO', 21, 167, 2095, 2097, 13),
(2848, 'TEPEXI DE RODRIGUEZ', 21, 168, 2098, 2108, 16),
(2849, 'TEPEYAHUALCO', 21, 169, 2109, 2115, 3),
(2850, 'TEPEYAHUALCO DE CUAUHTEMOC', 21, 170, 2116, 2116, 13),
(2851, 'TETELA DE OCAMPO', 21, 171, 2117, 2131, 2),
(2852, 'TETELES DE AVILA CASTILLO', 21, 172, 2132, 2133, 4),
(2853, 'TEZIUTLAN', 21, 173, 2134, 2174, 3),
(2854, 'TIANGUISMANALCO', 21, 174, 2175, 2180, 13),
(2855, 'TILAPA', 21, 175, 2181, 2183, 14),
(2856, 'TLACOTEPEC DE BENITO JUAREZ', 21, 176, 2184, 2200, 15),
(2857, 'SAN SEBASTIAN TLACOTEPEC', 21, 177, 2201, 2208, 16),
(2858, 'TLACUILOTEPEC', 21, 178, 2209, 2218, 1),
(2859, 'TLACHICHUCA', 21, 179, 2219, 2232, 8),
(2860, 'TLAHUAPAN', 21, 180, 2233, 2247, 5),
(2861, 'TLALTENANGO', 21, 181, 2248, 2250, 10),
(2862, 'TLANEPANTLA', 21, 182, 2251, 2252, 7),
(2863, 'TLAOLA', 21, 183, 2253, 2261, 1),
(2864, 'TLAPACOYA', 21, 184, 2262, 2266, 4),
(2865, 'TLAPANALA', 21, 185, 2267, 2271, 13),
(2866, 'TLATLAUQUITEPEC', 21, 186, 2272, 2294, 3),
(2867, 'TLAXCO', 21, 187, 2295, 2298, 1),
(2868, 'TOCHIMILCO', 21, 188, 2299, 2309, 13),
(2869, 'TOCHTEPEC', 21, 189, 2310, 2316, 8),
(2870, 'TOTOLTEPEC DE GUERRERO', 21, 190, 2317, 2318, 16),
(2871, 'TULCINGO', 21, 191, 2319, 2325, 14),
(2872, 'TUZAMAPAN DE GALEANA', 21, 192, 2326, 2328, 4),
(2873, 'TZICATLACOYAN', 21, 193, 2329, 2332, 13),
(2874, 'VENUSTIANO CARRANZA', 21, 194, 2333, 2348, 1),
(2875, 'VICENTE GUERRERO', 21, 195, 2349, 2359, 16),
(2876, 'XAYACATLAN DE BRAVO', 21, 196, 2360, 2361, 14),
(2877, 'XICOTEPEC', 21, 197, 2362, 2390, 1),
(2878, 'XICOTLAN', 21, 198, 2391, 2392, 14),
(2879, 'XIUTETELCO', 21, 199, 2393, 2404, 3),
(2880, 'XOCHIAPULCO', 21, 200, 2405, 2406, 4),
(2881, 'XOCHILTEPEC', 21, 201, 2407, 2408, 13),
(2882, 'XOCHITLAN DE VICENTE SUAREZ', 21, 202, 2409, 2412, 4),
(2883, 'XOCHITLAN TODOS SANTOS', 21, 203, 2413, 2415, 8),
(2884, 'YAONAHUAC', 21, 204, 2416, 2419, 4),
(2885, 'YEHUALTEPEC', 21, 205, 2420, 2428, 8),
(2886, 'ZACAPALA', 21, 206, 2429, 2432, 13),
(2887, 'SAN PEDRO ATOYAC', 20, 300, 1454, 1457, 11),
(2888, 'SAN PEDRO CAJONOS', 20, 301, 1458, 1458, 4),
(2889, 'SAN PEDRO COXCALTEPEC CANTAROS', 20, 302, 1459, 1460, 3),
(2890, 'SAN PEDRO COMITANCILLO', 20, 303, 1461, 1462, 5),
(2891, 'SAN PEDRO EL ALTO', 20, 304, 1463, 1464, 10),
(2892, 'SAN PEDRO HUAMELULA', 20, 305, 1465, 1471, 5),
(2893, 'SAN PEDRO HUILOTEPEC', 20, 306, 1472, 1472, 5),
(2894, 'SAN PEDRO IXCATLAN', 20, 307, 1473, 1481, 2),
(2895, 'SAN PEDRO IXTLAHUACA', 20, 308, 1482, 1483, 3),
(2896, 'SAN PEDRO JALTEPETONGO', 20, 309, 1484, 1484, 2),
(2897, 'SAN PEDRO JICAYAN', 20, 310, 1485, 1491, 11),
(2898, 'SAN PEDRO JOCOTIPAC', 20, 311, 1492, 1492, 2),
(2899, 'SAN PEDRO JUCHATENGO', 20, 312, 1493, 1493, 11),
(2900, 'SAN PEDRO MARTIR', 20, 313, 1494, 1494, 4),
(2901, 'SAN PEDRO MARTIR QUIECHAPA', 20, 314, 1495, 1495, 10),
(2902, 'SAN PEDRO MARTIR YUCUXACO', 20, 315, 1496, 1497, 3),
(2903, 'SAN PEDRO MIXTEPEC', 20, 316, 1498, 1510, 11),
(2904, 'SAN PEDRO MIXTEPEC', 20, 317, 1511, 1511, 10),
(2905, 'SAN PEDRO MOLINOS', 20, 318, 1512, 1512, 6),
(2906, 'SAN PEDRO NOPALA', 20, 319, 1513, 1513, 3),
(2907, 'SAN PEDRO OCOPETATILLO', 20, 320, 1514, 1514, 2),
(2908, 'SAN PEDRO OCOTEPEC', 20, 321, 1515, 1515, 4),
(2909, 'SAN PEDRO POCHUTLA', 20, 322, 1516, 1525, 10),
(2910, 'SAN PEDRO POCHUTLA', 20, 322, 1527, 1534, 10),
(2911, 'SAN PEDRO QUIATONI', 20, 323, 1535, 1540, 4),
(2912, 'SAN PEDRO SOCHIAPAM', 20, 324, 1541, 1543, 2),
(2913, 'SAN PEDRO TAPANATEPEC', 20, 325, 1544, 1552, 7),
(2914, 'SAN PEDRO TAVICHE', 20, 326, 1553, 1553, 9),
(2915, 'SAN PEDRO TEOZACOALCO', 20, 327, 1554, 1554, 3),
(2916, 'SAN PEDRO TEUTILA', 20, 328, 1555, 1557, 2),
(2917, 'SAN PEDRO TIDAA', 20, 329, 1558, 1559, 3),
(2918, 'SAN PEDRO TOPILTEPEC', 20, 330, 1560, 1560, 3),
(2919, 'SAN PEDRO TOTOLAPA', 20, 331, 1561, 1563, 10),
(2920, 'VILLA DE TUTUTEPEC DE MELCHOR OCAMPO', 20, 332, 1564, 1584, 11),
(2921, 'SAN PEDRO Y SAN PABLO AYUTLA', 20, 333, 1585, 1588, 4),
(2922, 'SANTA CATARINA QUIANE', 20, 369, 1675, 1675, 9),
(2923, 'SANTA CATARINA QUIOQUITANI', 20, 370, 1676, 1676, 10),
(2924, 'SANTA CATARINA TAYATA', 20, 371, 1677, 1677, 3),
(2925, 'SANTA CATARINA TICUA', 20, 372, 1678, 1679, 6),
(2926, 'SANTA CATARINA YOSONOTU', 20, 373, 1680, 1682, 6),
(2927, 'SANTA CATARINA ZAPOQUILA', 20, 374, 1683, 1684, 3),
(2928, 'SANTA CRUZ ACATEPEC', 20, 375, 1685, 1685, 2),
(2929, 'SANTA CRUZ AMILPAS', 20, 376, 1686, 1689, 9),
(2930, 'SANTA CRUZ DE BRAVO', 20, 377, 1690, 1690, 6),
(2931, 'SANTA CRUZ ITUNDUJIA', 20, 378, 1691, 1698, 6),
(2932, 'SANTA CRUZ MIXTEPEC', 20, 379, 1699, 1701, 9),
(2933, 'SANTA CRUZ NUNDACO', 20, 380, 1702, 1702, 6),
(2934, 'SANTA CRUZ PAPALUTLA', 20, 381, 1703, 1703, 4),
(2935, 'SANTA CRUZ TACACHE DE MINA', 20, 382, 1704, 1706, 6),
(2936, 'SANTA CRUZ TACAHUA', 20, 383, 1707, 1707, 6),
(2937, 'SANTA CRUZ TAYATA', 20, 384, 1708, 1708, 3),
(2938, 'SANTA CRUZ XITLA', 20, 385, 1709, 1711, 10),
(2939, 'SANTA CRUZ XOXOCOTLAN', 20, 386, 1712, 1729, 8),
(2940, 'SANTA CRUZ ZENZONTEPEC', 20, 387, 1730, 1737, 9),
(2941, 'SANTA GERTRUDIS', 20, 388, 1738, 1740, 9),
(2942, 'SANTA INES DEL MONTE', 20, 389, 1741, 1741, 9),
(2943, 'SANTA INES YATZECHE', 20, 390, 1742, 1742, 4),
(2944, 'SANTA INES DE ZARAGOZA', 20, 391, 1743, 1745, 3),
(2945, 'SANTA LUCIA DEL CAMINO', 20, 392, 1746, 1768, 9),
(2946, 'SANTA LUCIA MIAHUATLAN', 20, 393, 1769, 1770, 10),
(2947, 'SANTA LUCIA MONTEVERDE', 20, 394, 1771, 1775, 6),
(2948, 'SANTA LUCIA OCOTLAN', 20, 395, 1776, 1776, 4),
(2949, 'SANTA MAGDALENA JICOTLAN', 20, 396, 1777, 1777, 3),
(2950, 'SANTA MARIA ALOTEPEC', 20, 397, 1778, 1779, 4),
(2951, 'SANTA MARIA APAZCO', 20, 398, 1780, 1781, 3),
(2952, 'SANTA MARIA LA ASUNCION', 20, 399, 1782, 1783, 2),
(2953, 'SANTA MARIA ATZOMPA', 20, 400, 1784, 1786, 3),
(2954, 'SANTA MARIA CAMOTLAN', 20, 401, 1787, 1788, 3),
(2955, 'SANTA MARIA CHACHOAPAM', 20, 402, 1789, 1789, 3),
(2956, 'VILLA DE CHILAPA DE DIAZ', 20, 403, 1790, 1792, 3),
(2957, 'SANTA MARIA TLALIXTAC', 20, 439, 1918, 1918, 2),
(2958, 'SANTA MARIA TONAMECA', 20, 440, 1919, 1927, 10),
(2959, 'SANTA MARIA TOTOLAPILLA', 20, 441, 1928, 1928, 5),
(2960, 'SANTA MARIA XADANI', 20, 442, 1929, 1932, 5),
(2961, 'SANTA MARIA YALINA', 20, 443, 1933, 1933, 4),
(2962, 'SANTA MARIA YAVESIA', 20, 444, 1934, 1934, 4),
(2963, 'SANTA MARIA YOLOTEPEC', 20, 445, 1935, 1935, 6),
(2964, 'SANTA MARIA YOSOYUA', 20, 446, 1936, 1936, 6),
(2965, 'SANTA MARIA YUCUHITI', 20, 447, 1937, 1939, 6),
(2966, 'SANTA MARIA ZACATEPEC', 20, 448, 1940, 1949, 6),
(2967, 'SANTA MARIA ZANIZA', 20, 449, 1950, 1950, 9),
(2968, 'SANTA MARIA ZOQUITLAN', 20, 450, 1951, 1954, 10),
(2969, 'SANTIAGO AMOLTEPEC', 20, 451, 1955, 1959, 6),
(2970, 'SANTIAGO APOALA', 20, 452, 1960, 1961, 3),
(2971, 'SANTIAGO APOSTOL', 20, 453, 1962, 1964, 4),
(2972, 'SANTIAGO ASTATA', 20, 454, 1965, 1968, 5),
(2973, 'SANTIAGO ATITLAN', 20, 455, 1969, 1970, 4),
(2974, 'SANTIAGO AYUQUILILLA', 20, 456, 1971, 1972, 3),
(2975, 'SANTIAGO CACALOXTEPEC', 20, 457, 1973, 1975, 6),
(2976, 'SANTIAGO CAMOTLAN', 20, 458, 1976, 1977, 4),
(2977, 'SANTIAGO CHAZUMBA', 20, 459, 1978, 1986, 3),
(2978, 'SANTIAGO CHOAPAM', 20, 460, 1987, 1990, 7),
(2979, 'SANTIAGO COMALTEPEC', 20, 461, 1991, 1992, 4),
(2980, 'SANTIAGO DEL RIO', 20, 462, 1993, 1994, 6),
(2981, 'SANTIAGO HUAJOLOTITLAN', 20, 463, 1995, 1998, 3),
(2982, 'SANTIAGO HUAUCLILLA', 20, 464, 1999, 2001, 3),
(2983, 'SANTIAGO IHUITLAN PLUMAS', 20, 465, 2002, 2003, 3),
(2984, 'SANTIAGO IXCUINTEPEC', 20, 466, 2004, 2004, 5),
(2985, 'SANTIAGO IXTAYUTLA', 20, 467, 2005, 2011, 11),
(2986, 'SANTIAGO JAMILTEPEC', 20, 468, 2012, 2024, 11),
(2987, 'SANTIAGO JOCOTEPEC', 20, 469, 2025, 2032, 1),
(2988, 'SANTIAGO JUXTLAHUACA', 20, 470, 2033, 2049, 6),
(2989, 'SANTIAGO LACHIGUIRI', 20, 471, 2050, 2053, 5),
(2990, 'SANTO DOMINGO TEHUANTEPEC', 20, 515, 2054, 2054, 5),
(2991, 'SANTIAGO LACHIGUIRI', 20, 471, 2055, 2055, 5),
(2992, 'SANTIAGO LALOPA', 20, 472, 2056, 2056, 4),
(2993, 'SANTO DOMINGO IXCATLAN', 20, 510, 2185, 2185, 6),
(2994, 'SANTO DOMINGO NUXAA', 20, 511, 2186, 2188, 3),
(2995, 'SANTO DOMINGO OZOLOTEPEC', 20, 512, 2189, 2189, 10),
(2996, 'SANTO DOMINGO PETAPA', 20, 513, 2190, 2198, 5),
(2997, 'SANTO DOMINGO ROAYAGA', 20, 514, 2199, 2199, 4),
(2998, 'SANTO DOMINGO TEHUANTEPEC', 20, 515, 2200, 2228, 5),
(2999, 'SANTO DOMINGO TEOJOMULCO', 20, 516, 2229, 2230, 9),
(3000, 'SANTO DOMINGO TEPUXTEPEC', 20, 517, 2231, 2233, 4),
(3001, 'SANTO DOMINGO TLATAYAPAM', 20, 518, 2234, 2234, 3),
(3002, 'SANTO DOMINGO TOMALTEPEC', 20, 519, 2235, 2236, 4),
(3003, 'SANTO DOMINGO TONALA', 20, 520, 2237, 2243, 6),
(3004, 'SANTO DOMINGO TONALTEPEC', 20, 521, 2244, 2244, 3),
(3005, 'SANTO DOMINGO XAGACIA', 20, 522, 2245, 2245, 4),
(3006, 'SANTO DOMINGO YANHUITLAN', 20, 523, 2246, 2247, 3),
(3007, 'SANTO DOMINGO YODOHINO', 20, 524, 2248, 2248, 3),
(3008, 'SANTO DOMINGO ZANATEPEC', 20, 525, 2249, 2257, 7),
(3009, 'SANTO TOMAS JALIEZA', 20, 526, 2258, 2260, 4),
(3010, 'SANTO TOMAS MAZALTEPEC', 20, 527, 2261, 2261, 3),
(3011, 'SANTO TOMAS OCOTEPEC', 20, 528, 2262, 2263, 6),
(3012, 'SANTO TOMAS TAMAZULAPAN', 20, 529, 2264, 2264, 10),
(3013, 'SANTOS REYES NOPALA', 20, 530, 2265, 2271, 11),
(3014, 'SANTOS REYES PAPALO', 20, 531, 2272, 2272, 2),
(3015, 'SANTOS REYES TEPEJILLO', 20, 532, 2273, 2273, 6),
(3016, 'SANTOS REYES YUCUNA', 20, 533, 2274, 2274, 6),
(3017, 'SILACAYOAPAM', 20, 534, 2275, 2289, 6),
(3018, 'SITIO DE XITLAPEHUA', 20, 535, 2290, 2290, 10),
(3019, 'VILLA SOLA DE VEGA', 20, 536, 2291, 2300, 9),
(3020, 'SOLEDAD ETLA', 20, 537, 2301, 2303, 3),
(3021, 'TANICHE', 20, 538, 2304, 2304, 9),
(3022, 'VILLA DE TAMAZULAPAM DEL PROGRESO', 20, 539, 2305, 2310, 3),
(3023, 'TAMAZULAPAM DEL ESPIRITU SANTO', 20, 540, 2311, 2315, 4),
(3024, 'TANETZE DE ZARAGOZA', 20, 541, 2316, 2317, 4),
(3025, 'TATALTEPEC DE VALDES', 20, 542, 2318, 2320, 11),
(3026, 'VILLA TEJUPAM DE LA UNION', 20, 543, 2321, 2323, 3),
(3027, 'TEOCOCUILCO DE MARCOS PEREZ', 20, 544, 2324, 2324, 4),
(3028, 'AHUEHUETITLA', 21, 9, 79, 79, 14),
(3029, 'AJALPAN', 21, 10, 80, 101, 16),
(3030, 'ALBINO ZERTUCHE', 21, 11, 102, 102, 14),
(3031, 'ALJOJUCA', 21, 12, 103, 106, 8),
(3032, 'ALTEPEXI', 21, 13, 107, 112, 16),
(3033, 'AMIXTLAN', 21, 14, 113, 115, 4),
(3034, 'AMOZOC', 21, 15, 116, 133, 7),
(3035, 'AQUIXTLA', 21, 16, 134, 138, 2),
(3036, 'ATEMPAN', 21, 17, 139, 147, 4),
(3037, 'ATEXCAL', 21, 18, 148, 153, 16),
(3038, 'ATLIXCO', 21, 19, 154, 221, 13),
(3039, 'ATOYATEMPAN', 21, 20, 222, 223, 13),
(3040, 'ATZALA', 21, 21, 224, 224, 14),
(3041, 'ATZITZIHUACAN', 21, 22, 225, 233, 13),
(3042, 'ATZITZINTLA', 21, 23, 234, 238, 8),
(3043, 'AXUTLA', 21, 24, 239, 240, 14),
(3044, 'AYOTOXCO DE GUERRERO', 21, 25, 241, 244, 4),
(3045, 'CALPAN', 21, 26, 245, 252, 5),
(3046, 'CALTEPEC', 21, 27, 253, 259, 16),
(3047, 'CAMOCUAUTLA', 21, 28, 260, 261, 4),
(3048, 'CAÑADA MORELOS', 21, 29, 262, 270, 16),
(3049, 'CAXHUACAN', 21, 30, 271, 272, 4),
(3050, 'COATEPEC', 21, 31, 273, 273, 4),
(3051, 'COATZINGO', 21, 32, 274, 276, 13),
(3052, 'COHETZALA', 21, 33, 277, 278, 14),
(3053, 'COHUECAN', 21, 34, 279, 281, 13),
(3054, 'CORONANGO', 21, 35, 282, 293, 10),
(3055, 'COXCATLAN', 21, 36, 294, 305, 16),
(3056, 'COYOMEAPAN', 21, 37, 306, 313, 16),
(3057, 'COYOTEPEC', 21, 38, 314, 316, 16),
(3058, 'CUAPIAXTLA DE MADERO', 21, 39, 317, 318, 7),
(3059, 'CUAUTEMPAN', 21, 40, 319, 322, 4),
(3060, 'CUAUTINCHAN', 21, 41, 323, 324, 7),
(3061, 'CUAUTLANCINGO', 21, 42, 325, 339, 10),
(3062, 'CUAYUCA DE ANDRADE', 21, 43, 340, 343, 14),
(3063, 'CUETZALAN DEL PROGRESO', 21, 44, 344, 363, 4),
(3064, 'CUYOACO', 21, 45, 364, 370, 3),
(3065, 'CHALCHICOMULA DE SESMA', 21, 46, 371, 394, 8),
(3066, 'CHAPULCO', 21, 47, 395, 397, 16),
(3067, 'CHIAUTLA', 21, 48, 398, 414, 14),
(3068, 'CHIAUTZINGO', 21, 49, 415, 422, 5),
(3069, 'CHICONCUAUTLA', 21, 50, 423, 429, 1),
(3070, 'CHICHIQUILA', 21, 51, 430, 438, 3),
(3071, 'JUAN GALINDO', 21, 93, 792, 796, 1),
(3072, 'JUAN N. MENDEZ', 21, 94, 797, 800, 16),
(3073, 'LAFRAGUA', 21, 95, 801, 808, 3),
(3074, 'LIBRES', 21, 96, 809, 819, 2),
(3075, 'LA MAGDALENA TLATLAUQUITEPEC', 21, 97, 820, 820, 13),
(3076, 'MAZAPILTEPEC DE JUAREZ', 21, 98, 821, 822, 2),
(3077, 'MIXTLA', 21, 99, 823, 824, 7),
(3078, 'MOLCAXAC', 21, 100, 825, 829, 13),
(3079, 'NAUPAN', 21, 101, 830, 834, 1),
(3080, 'NAUZONTLA', 21, 102, 835, 837, 4),
(3081, 'NEALTICAN', 21, 103, 838, 841, 5),
(3082, 'NICOLAS BRAVO', 21, 104, 842, 845, 16),
(3083, 'NOPALUCAN', 21, 105, 846, 853, 2),
(3084, 'OCOTEPEC', 21, 106, 854, 856, 2),
(3085, 'OCOYUCAN', 21, 107, 857, 866, 10),
(3086, 'OLINTLA', 21, 108, 867, 874, 4),
(3087, 'ORIENTAL', 21, 109, 875, 882, 2),
(3088, 'PAHUATLAN', 21, 110, 883, 896, 1),
(3089, 'PALMAR DE BRAVO', 21, 111, 897, 911, 8),
(3090, 'PANTEPEC', 21, 112, 912, 921, 1),
(3091, 'PETLALCINGO', 21, 113, 922, 927, 14),
(3092, 'PIAXTLA', 21, 114, 928, 932, 14),
(3093, 'PUEBLA', 21, 115, 933, 933, 6),
(3094, 'PUEBLA', 21, 115, 934, 968, 9),
(3095, 'PUEBLA', 21, 115, 969, 969, 6),
(3096, 'PUEBLA', 21, 115, 970, 988, 9),
(3097, 'PUEBLA', 21, 115, 989, 990, 6),
(3098, 'PUEBLA', 21, 115, 991, 1079, 9),
(3099, 'PUEBLA', 21, 115, 1080, 1081, 12),
(3100, 'PUEBLA', 21, 115, 1082, 1108, 11),
(3101, 'PUEBLA', 21, 115, 1109, 1112, 12),
(3102, 'PUEBLA', 21, 115, 1113, 1141, 11),
(3103, 'PUEBLA', 21, 115, 1142, 1142, 12),
(3104, 'PUEBLA', 21, 115, 1143, 1171, 11),
(3105, 'PUEBLA', 21, 115, 1172, 1173, 12),
(3106, 'PUEBLA', 21, 115, 1174, 1178, 11),
(3107, 'PUEBLA', 21, 115, 1179, 1182, 12),
(3108, 'PUEBLA', 21, 115, 1183, 1194, 11),
(3109, 'PUEBLA', 21, 115, 1195, 1203, 12),
(3110, 'PUEBLA', 21, 115, 1204, 1210, 11),
(3111, 'PUEBLA', 21, 115, 1211, 1214, 12),
(3112, 'PUEBLA', 21, 115, 1215, 1233, 11),
(3113, 'PUEBLA', 21, 115, 1235, 1246, 11),
(3114, 'PUEBLA', 21, 115, 1248, 1255, 11),
(3115, 'PUEBLA', 21, 115, 1256, 1256, 12),
(3116, 'SAN JOSE CHIAPA', 21, 129, 1702, 1707, 2),
(3117, 'SAN JOSE MIAHUATLAN', 21, 130, 1708, 1714, 16),
(3118, 'SAN JUAN ATENCO', 21, 131, 1715, 1718, 8),
(3119, 'SAN JUAN ATZOMPA', 21, 132, 1719, 1719, 13),
(3120, 'SAN MARTIN TEXMELUCAN', 21, 133, 1720, 1773, 5),
(3121, 'SAN MARTIN TOTOLTEPEC', 21, 134, 1774, 1774, 13),
(3122, 'SAN MATIAS TLALANCALECA', 21, 135, 1775, 1783, 5),
(3123, 'SAN MIGUEL IXITLAN', 21, 136, 1784, 1784, 14),
(3124, 'SAN MIGUEL XOXTLA', 21, 137, 1785, 1788, 10),
(3125, 'SAN NICOLAS BUENOS AIRES', 21, 138, 1789, 1792, 2),
(3126, 'SAN NICOLAS DE LOS RANCHOS', 21, 139, 1793, 1797, 5),
(3127, 'SAN PABLO ANICANO', 21, 140, 1798, 1799, 14),
(3128, 'SAN PEDRO CHOLULA', 21, 141, 1800, 1845, 10),
(3129, 'SAN PEDRO YELOIXTLAHUACA', 21, 142, 1846, 1847, 14),
(3130, 'SAN SALVADOR EL SECO', 21, 143, 1848, 1857, 2),
(3131, 'SAN SALVADOR EL VERDE', 21, 144, 1858, 1867, 5),
(3132, 'SAN SALVADOR HUIXCOLOTLA', 21, 145, 1868, 1871, 7),
(3133, 'SANTA CATARINA TLALTEMPAN', 21, 146, 1872, 1872, 13),
(3134, 'SANTA INES AHUATEMPAN', 21, 147, 1873, 1876, 14),
(3135, 'SANTA ISABEL CHOLULA', 21, 148, 1877, 1881, 13),
(3136, 'SANTIAGO MIAHUATLAN', 21, 149, 1882, 1887, 15),
(3137, 'SANTO TOMAS HUEYOTLIPAN', 21, 150, 1888, 1890, 7),
(3138, 'SOLTEPEC', 21, 151, 1891, 1896, 2),
(3139, 'TECALI DE HERRERA', 21, 152, 1897, 1905, 7),
(3140, 'TECAMACHALCO', 21, 153, 1906, 1928, 8),
(3141, 'TECOMATLAN', 21, 154, 1929, 1933, 14),
(3142, 'TEHUACAN', 21, 155, 1934, 2016, 15),
(3143, 'TEHUITZINGO', 21, 156, 2017, 2024, 14),
(3144, 'TENAMPULCO', 21, 157, 2025, 2032, 3),
(3145, 'TEOPANTLAN', 21, 158, 2033, 2037, 13),
(3146, 'TEOTLALCO', 21, 159, 2038, 2041, 14),
(3147, 'TEPANCO DE LOPEZ', 21, 160, 2042, 2048, 15),
(3148, 'TEPANGO DE RODRIGUEZ', 21, 161, 2049, 2050, 4),
(3149, 'TEPATLAXCO DE HIDALGO', 21, 162, 2051, 2057, 7),
(3150, 'TEPEACA', 21, 163, 2058, 2081, 7),
(3151, 'TEPEMAXALCO', 21, 164, 2082, 2082, 13),
(3152, 'TEPEOJUMA', 21, 165, 2083, 2088, 13),
(3153, 'TEPETZINTLA', 21, 166, 2089, 2094, 4),
(3154, 'ZACAPOAXTLA', 21, 207, 2433, 2459, 4),
(3155, 'ZACATLAN', 21, 208, 2460, 2489, 2),
(3156, 'ZAPOTITLAN', 21, 209, 2490, 2498, 16),
(3157, 'ZAPOTITLAN DE MENDEZ', 21, 210, 2499, 2501, 4),
(3158, 'ZARAGOZA', 21, 211, 2502, 2507, 3),
(3159, 'ZAUTLA', 21, 212, 2508, 2519, 4),
(3160, 'ZIHUATEUTLA', 21, 213, 2520, 2526, 1),
(3161, 'ZINACATEPEC', 21, 214, 2527, 2532, 16),
(3162, 'ZONGOZOTLA', 21, 215, 2533, 2534, 4),
(3163, 'ZOQUIAPAN', 21, 216, 2535, 2536, 4),
(3164, 'ZOQUITLAN', 21, 217, 2537, 2548, 16),
(3165, 'CUAUTLANCINGO', 21, 42, 2549, 2549, 9),
(3166, 'PUEBLA', 21, 115, 2550, 2550, 7),
(3167, 'PUEBLA', 21, 115, 2551, 2582, 11),
(3168, 'AMEALCO DE BONFIL', 22, 1, 1, 34, 2),
(3169, 'ARROYO SECO', 22, 2, 35, 45, 1),
(3170, 'CADEREYTA DE MONTES', 22, 3, 46, 75, 1),
(3171, 'COLON', 22, 4, 76, 96, 1),
(3172, 'CORREGIDORA', 22, 5, 97, 111, 2),
(3173, 'CORREGIDORA', 22, 5, 113, 121, 2),
(3174, 'EZEQUIEL MONTES', 22, 6, 122, 138, 1),
(3175, 'HUIMILPAN', 22, 7, 139, 152, 2),
(3176, 'JALPAN DE SERRA', 22, 8, 153, 167, 1),
(3177, 'LANDA DE MATAMOROS', 22, 9, 168, 181, 1),
(3178, 'EL MARQUES', 22, 10, 182, 209, 4),
(3179, 'PEDRO ESCOBEDO', 22, 11, 210, 233, 1),
(3180, 'PEÑAMILLER', 22, 12, 234, 247, 1),
(3181, 'PINAL DE AMOLES', 22, 13, 248, 265, 1),
(3182, 'QUERETARO', 22, 14, 266, 268, 3),
(3183, 'QUERETARO', 22, 14, 269, 269, 4),
(3184, 'QUERETARO', 22, 14, 270, 270, 3),
(3185, 'QUERETARO', 22, 14, 272, 274, 3),
(3186, 'QUERETARO', 22, 14, 275, 278, 4),
(3187, 'QUERETARO', 22, 14, 279, 284, 3),
(3188, 'QUERETARO', 22, 14, 285, 288, 4),
(3189, 'QUERETARO', 22, 14, 289, 292, 3),
(3190, 'QUERETARO', 22, 14, 294, 294, 3),
(3191, 'QUERETARO', 22, 14, 295, 296, 4),
(3192, 'QUERETARO', 22, 14, 297, 302, 3),
(3193, 'QUERETARO', 22, 14, 303, 305, 4),
(3194, 'QUERETARO', 22, 14, 306, 312, 3),
(3195, 'QUERETARO', 22, 14, 313, 313, 4),
(3196, 'QUERETARO', 22, 14, 314, 317, 3),
(3197, 'QUERETARO', 22, 14, 318, 320, 4),
(3198, 'QUERETARO', 22, 14, 321, 326, 3),
(3199, 'QUERETARO', 22, 14, 327, 327, 4),
(3200, 'QUERETARO', 22, 14, 328, 332, 3),
(3201, 'QUERETARO', 22, 14, 333, 338, 4),
(3202, 'QUERETARO', 22, 14, 339, 349, 3),
(3203, 'QUERETARO', 22, 14, 350, 354, 4),
(3204, 'QUERETARO', 22, 14, 355, 361, 3),
(3205, 'QUERETARO', 22, 14, 362, 367, 4),
(3206, 'QUERETARO', 22, 14, 368, 371, 3),
(3207, 'QUERETARO', 22, 14, 372, 379, 4),
(3208, 'QUERETARO', 22, 14, 380, 383, 3),
(3209, 'QUERETARO', 22, 14, 384, 391, 4),
(3210, 'QUERETARO', 22, 14, 392, 398, 3),
(3211, 'QUERETARO', 22, 14, 399, 415, 4),
(3212, 'QUERETARO', 22, 14, 416, 417, 3),
(3213, 'QUERETARO', 22, 14, 418, 426, 4),
(3214, 'QUERETARO', 22, 14, 427, 428, 3),
(3215, 'QUERETARO', 22, 14, 429, 434, 4),
(3216, 'QUERETARO', 22, 14, 435, 438, 3),
(3217, 'QUERETARO', 22, 14, 439, 446, 4),
(3218, 'QUERETARO', 22, 14, 447, 454, 3),
(3219, 'QUERETARO', 22, 14, 455, 459, 4),
(3220, 'QUERETARO', 22, 14, 460, 463, 3),
(3221, 'QUERETARO', 22, 14, 464, 466, 4),
(3222, 'QUERETARO', 22, 14, 467, 473, 3),
(3223, 'QUERETARO', 22, 14, 474, 475, 4),
(3224, 'QUERETARO', 22, 14, 476, 490, 3),
(3225, 'QUERETARO', 22, 14, 491, 492, 4),
(3226, 'QUERETARO', 22, 14, 493, 505, 3),
(3227, 'QUERETARO', 22, 14, 506, 508, 4),
(3228, 'QUERETARO', 22, 14, 509, 512, 3),
(3229, 'QUERETARO', 22, 14, 513, 520, 4),
(3230, 'QUERETARO', 22, 14, 521, 521, 3),
(3231, 'QUERETARO', 22, 14, 522, 526, 4),
(3232, 'QUERETARO', 22, 14, 527, 527, 3),
(3233, 'QUERETARO', 22, 14, 528, 529, 4),
(3234, 'QUERETARO', 22, 14, 530, 538, 3),
(3235, 'QUERETARO', 22, 14, 539, 539, 4),
(3236, 'QUERETARO', 22, 14, 540, 548, 3),
(3237, 'OTHON P. BLANCO', 23, 7, 374, 375, 2),
(3238, 'OTHON P. BLANCO', 23, 7, 377, 448, 2),
(3239, 'OTHON P. BLANCO', 23, 7, 450, 450, 2),
(3240, 'BENITO JUAREZ', 23, 1, 451, 641, 1),
(3241, 'BENITO JUAREZ', 23, 1, 642, 667, 3),
(3242, 'SOLIDARIDAD', 23, 8, 668, 774, 1),
(3243, 'OTHON P. BLANCO', 23, 7, 775, 810, 2),
(3244, 'AHUALULCO', 24, 1, 1, 14, 1),
(3245, 'ALAQUINES', 24, 2, 15, 33, 3),
(3246, 'AQUISMON', 24, 3, 34, 59, 7),
(3247, 'ARMADILLO DE LOS INFANTE', 24, 4, 60, 77, 2),
(3248, 'CARDENAS', 24, 5, 78, 97, 3),
(3249, 'CATORCE', 24, 6, 98, 99, 1),
(3250, 'CATORCE', 24, 6, 101, 103, 1),
(3251, 'CATORCE', 24, 6, 105, 118, 1),
(3252, 'CEDRAL', 24, 7, 119, 135, 1),
(3253, 'CERRITOS', 24, 8, 136, 164, 3),
(3254, 'CERRO DE SAN PEDRO', 24, 9, 165, 172, 2),
(3255, 'CIUDAD DEL MAIZ', 24, 10, 173, 179, 3),
(3256, 'EL NARANJO', 24, 57, 180, 180, 4),
(3257, 'CIUDAD DEL MAIZ', 24, 10, 181, 185, 3),
(3258, 'EL NARANJO', 24, 57, 186, 195, 4),
(3259, 'CIUDAD DEL MAIZ', 24, 10, 196, 202, 3),
(3260, 'EL NARANJO', 24, 57, 203, 205, 4),
(3261, 'CIUDAD DEL MAIZ', 24, 10, 206, 211, 3),
(3262, 'EL NARANJO', 24, 57, 212, 213, 4),
(3263, 'CIUDAD DEL MAIZ', 24, 10, 214, 218, 3),
(3264, 'EL NARANJO', 24, 57, 219, 219, 4),
(3265, 'CIUDAD FERNANDEZ', 24, 11, 220, 250, 3),
(3266, 'TANCANHUITZ', 24, 12, 251, 265, 7),
(3267, 'CIUDAD VALLES', 24, 13, 266, 370, 4),
(3268, 'COXCATLAN', 24, 14, 371, 383, 7),
(3269, 'CHARCAS', 24, 15, 384, 404, 1),
(3270, 'EBANO', 24, 16, 405, 436, 4),
(3271, 'GUADALCAZAR', 24, 17, 437, 467, 3),
(3272, 'HUEHUETLAN', 24, 18, 468, 477, 7),
(3273, 'SAN LUIS POTOSI', 24, 28, 1115, 1123, 5),
(3274, 'SAN LUIS POTOSI', 24, 28, 1124, 1127, 6),
(3275, 'SAN MARTIN CHALCHICUAUTLA', 24, 29, 1128, 1147, 7),
(3276, 'SAN NICOLAS TOLENTINO', 24, 30, 1148, 1159, 3),
(3277, 'SAN VICENTE TANCUAYALAB', 24, 31, 1160, 1178, 4),
(3278, 'SANTA CATARINA', 24, 32, 1179, 1187, 4),
(3279, 'SANTA MARIA DEL RIO', 24, 33, 1188, 1220, 2),
(3280, 'SANTO DOMINGO', 24, 34, 1221, 1241, 1),
(3281, 'SOLEDAD DE GRACIANO SANCHEZ', 24, 35, 1242, 1318, 2),
(3282, 'TAMASOPO', 24, 36, 1319, 1335, 4),
(3283, 'TAMAZUNCHALE', 24, 37, 1336, 1348, 7),
(3284, 'MATLAPA', 24, 58, 1349, 1364, 7),
(3285, 'TAMAZUNCHALE', 24, 37, 1365, 1365, 7),
(3286, 'MATLAPA', 24, 58, 1366, 1366, 7),
(3287, 'TAMAZUNCHALE', 24, 37, 1367, 1411, 7),
(3288, 'TAMPACAN', 24, 38, 1412, 1427, 7),
(3289, 'TAMPAMOLON CORONA', 24, 39, 1428, 1444, 7),
(3290, 'TAMUIN', 24, 40, 1445, 1479, 4),
(3291, 'TANLAJAS', 24, 41, 1480, 1495, 7),
(3292, 'TANQUIAN DE ESCOBEDO', 24, 42, 1496, 1506, 4),
(3293, 'TIERRA NUEVA', 24, 43, 1507, 1518, 2),
(3294, 'VANEGAS', 24, 44, 1520, 1535, 1),
(3295, 'VENADO', 24, 45, 1536, 1555, 1),
(3296, 'VILLA DE ARISTA', 24, 46, 1556, 1568, 3),
(3297, 'VILLA DE ARRIAGA', 24, 47, 1569, 1586, 2),
(3298, 'VILLA DE GUADALUPE', 24, 48, 1587, 1603, 1),
(3299, 'VILLA DE LA PAZ', 24, 49, 1604, 1611, 1),
(3300, 'VILLA DE RAMOS', 24, 50, 1612, 1635, 1),
(3301, 'VILLA DE RAMOS', 24, 50, 1637, 1637, 1),
(3302, 'VILLA DE REYES', 24, 51, 1638, 1669, 2),
(3303, 'VILLA HIDALGO', 24, 52, 1670, 1688, 3),
(3304, 'VILLA JUAREZ', 24, 53, 1689, 1704, 3),
(3305, 'AXTLA DE TERRAZAS', 24, 54, 1705, 1725, 7),
(3306, 'XILITLA', 24, 55, 1726, 1772, 7),
(3307, 'CULIACAN', 25, 6, 1589, 1590, 3),
(3308, 'CULIACAN', 25, 6, 1591, 1600, 7),
(3309, 'CULIACAN', 25, 6, 1602, 1725, 7),
(3310, 'CHOIX', 25, 7, 1726, 1737, 1),
(3311, 'CHOIX', 25, 7, 1739, 1798, 1),
(3312, 'ELOTA', 25, 8, 1799, 1859, 6),
(3313, 'ESCUINAPA', 25, 9, 1860, 1897, 6),
(3314, 'ESCUINAPA', 25, 9, 1899, 1924, 6),
(3315, 'EL FUERTE', 25, 10, 1925, 2100, 1),
(3316, 'GUASAVE', 25, 11, 2101, 2377, 4),
(3317, 'GUASAVE', 25, 11, 2379, 2539, 4),
(3318, 'MAZATLAN', 25, 12, 2540, 2622, 8),
(3319, 'MAZATLAN', 25, 12, 2623, 2623, 6),
(3320, 'MAZATLAN', 25, 12, 2624, 2666, 8),
(3321, 'MAZATLAN', 25, 12, 2667, 2684, 6),
(3322, 'MAZATLAN', 25, 12, 2685, 2686, 8),
(3323, 'MAZATLAN', 25, 12, 2687, 2687, 6),
(3324, 'MAZATLAN', 25, 12, 2688, 2690, 8),
(3325, 'MAZATLAN', 25, 12, 2691, 2698, 6),
(3326, 'MAZATLAN', 25, 12, 2699, 2951, 8),
(3327, 'MAZATLAN', 25, 12, 2952, 2985, 6),
(3328, 'MAZATLAN', 25, 12, 2987, 2994, 6),
(3329, 'MAZATLAN', 25, 12, 2995, 2996, 8),
(3330, 'MOCORITO', 25, 13, 2997, 3043, 1),
(3331, 'MOCORITO', 25, 13, 3045, 3061, 1),
(3332, 'MOCORITO', 25, 13, 3063, 3130, 1),
(3333, 'ROSARIO', 25, 14, 3131, 3219, 6),
(3334, 'SALVADOR ALVARADO', 25, 15, 3220, 3239, 3),
(3335, 'SALVADOR ALVARADO', 25, 15, 3241, 3369, 3),
(3336, 'SAN IGNACIO', 25, 16, 3370, 3376, 6),
(3337, 'SAN IGNACIO', 25, 16, 3378, 3390, 6),
(3338, 'SAN IGNACIO', 25, 16, 3392, 3419, 6),
(3339, 'SINALOA', 25, 17, 3420, 3427, 1),
(3340, 'SINALOA', 25, 17, 3429, 3456, 1),
(3341, 'SINALOA', 25, 17, 3458, 3530, 1),
(3342, 'SINALOA', 25, 17, 3532, 3613, 1),
(3343, 'NAVOLATO', 25, 18, 3614, 3754, 3),
(3344, 'NAVOLATO', 25, 18, 3756, 3789, 3),
(3345, 'ACONCHI', 26, 1, 1, 2, 4),
(3346, 'AGUA PRIETA', 26, 2, 3, 32, 2),
(3347, 'ALTAR', 26, 3, 34, 35, 1),
(3348, 'ALTAR', 26, 3, 37, 37, 1),
(3349, 'ARIVECHI', 26, 4, 38, 40, 4),
(3350, 'ARIZPE', 26, 5, 41, 45, 2),
(3351, 'LA COLORADA', 26, 48, 331, 335, 4),
(3352, 'HERMOSILLO', 26, 49, 336, 351, 3),
(3353, 'HERMOSILLO', 26, 49, 353, 412, 3),
(3354, 'HERMOSILLO', 26, 49, 413, 419, 5);
INSERT INTO `distritos` (`id`, `nombre`, `estado`, `municipio`, `inicio`, `fin`, `distrito`) VALUES
(3355, 'HERMOSILLO', 26, 49, 420, 438, 3),
(3356, 'HERMOSILLO', 26, 49, 439, 441, 5),
(3357, 'HERMOSILLO', 26, 49, 442, 455, 3),
(3358, 'HERMOSILLO', 26, 49, 456, 460, 5),
(3359, 'HERMOSILLO', 26, 49, 461, 464, 3),
(3360, 'HERMOSILLO', 26, 49, 465, 473, 5),
(3361, 'HERMOSILLO', 26, 49, 474, 474, 3),
(3362, 'HERMOSILLO', 26, 49, 475, 584, 5),
(3363, 'HERMOSILLO', 26, 49, 585, 585, 3),
(3364, 'HERMOSILLO', 26, 49, 586, 589, 5),
(3365, 'HERMOSILLO', 26, 49, 590, 591, 3),
(3366, 'HERMOSILLO', 26, 49, 592, 594, 5),
(3367, 'HERMOSILLO', 26, 49, 596, 598, 3),
(3368, 'HERMOSILLO', 26, 49, 599, 606, 5),
(3369, 'HERMOSILLO', 26, 49, 608, 616, 5),
(3370, 'HERMOSILLO', 26, 49, 617, 618, 3),
(3371, 'MAZATAN', 26, 50, 619, 619, 4),
(3372, 'OPODEPE', 26, 51, 620, 624, 4),
(3373, 'PITIQUITO', 26, 52, 625, 626, 1),
(3374, 'PITIQUITO', 26, 52, 629, 630, 1),
(3375, 'PUERTO PEÑASCO', 26, 53, 631, 648, 1),
(3376, 'RAYON', 26, 54, 649, 651, 4),
(3377, 'SAN LUIS RIO COLORADO', 26, 55, 652, 742, 1),
(3378, 'SAN MIGUEL DE HORCASITAS', 26, 56, 743, 746, 4),
(3379, 'URES', 26, 57, 747, 759, 4),
(3380, 'BACUM', 26, 58, 760, 772, 4),
(3381, 'CAJEME', 26, 59, 773, 991, 6),
(3382, 'EMPALME', 26, 60, 992, 1021, 4),
(3383, 'GUAYMAS', 26, 61, 1022, 1100, 4),
(3384, 'SAN IGNACIO RIO MUERTO', 26, 72, 1101, 1108, 4),
(3385, 'ALAMOS', 26, 62, 1109, 1137, 7),
(3386, 'ETCHOJOA', 26, 63, 1138, 1141, 7),
(3387, 'BENITO JUAREZ', 26, 71, 1142, 1142, 7),
(3388, 'ETCHOJOA', 26, 63, 1143, 1145, 7),
(3389, 'BENITO JUAREZ', 26, 71, 1146, 1152, 7),
(3390, 'ETCHOJOA', 26, 63, 1153, 1154, 7),
(3391, 'BENITO JUAREZ', 26, 71, 1155, 1157, 7),
(3392, 'ETCHOJOA', 26, 63, 1158, 1188, 7),
(3393, 'HUATABAMPO', 26, 64, 1189, 1229, 7),
(3394, 'CENTRO', 27, 4, 466, 466, 4),
(3395, 'CENTRO', 27, 4, 467, 470, 6),
(3396, 'CENTRO', 27, 4, 471, 474, 4),
(3397, 'CENTRO', 27, 4, 475, 477, 6),
(3398, 'CENTRO', 27, 4, 478, 478, 4),
(3399, 'CENTRO', 27, 4, 479, 488, 6),
(3400, 'CENTRO', 27, 4, 489, 489, 4),
(3401, 'CENTRO', 27, 4, 490, 492, 6),
(3402, 'CENTRO', 27, 4, 493, 493, 4),
(3403, 'CENTRO', 27, 4, 494, 510, 6),
(3404, 'CENTRO', 27, 4, 511, 511, 4),
(3405, 'COMALCALCO', 27, 5, 512, 608, 3),
(3406, 'CUNDUACAN', 27, 6, 609, 667, 3),
(3407, 'EMILIANO ZAPATA', 27, 7, 668, 683, 1),
(3408, 'HUIMANGUILLO', 27, 8, 684, 780, 2),
(3409, 'JALAPA', 27, 9, 781, 808, 6),
(3410, 'JALPA DE MENDEZ', 27, 10, 809, 845, 5),
(3411, 'JONUTA', 27, 11, 846, 871, 1),
(3412, 'MACUSPANA', 27, 12, 872, 953, 1),
(3413, 'NACAJUCA', 27, 13, 954, 990, 5),
(3414, 'PARAISO', 27, 14, 991, 1035, 5),
(3415, 'TACOTALPA', 27, 15, 1036, 1062, 6),
(3416, 'TEAPA', 27, 16, 1063, 1088, 6),
(3417, 'TENOSIQUE', 27, 17, 1089, 1133, 1),
(3418, 'ABASOLO', 28, 1, 1, 6, 6),
(3419, 'ABASOLO', 28, 1, 8, 12, 6),
(3420, 'ALDAMA', 28, 2, 13, 33, 7),
(3421, 'ALTAMIRA', 28, 3, 34, 100, 7),
(3422, 'ANTIGUO MORELOS', 28, 4, 101, 107, 6),
(3423, 'BURGOS', 28, 5, 108, 115, 3),
(3424, 'BUSTAMANTE', 28, 6, 116, 124, 6),
(3425, 'CAMARGO', 28, 7, 125, 142, 1),
(3426, 'CASAS', 28, 8, 143, 150, 6),
(3427, 'CIUDAD MADERO', 28, 9, 151, 170, 7),
(3428, 'CIUDAD MADERO', 28, 9, 171, 171, 8),
(3429, 'CIUDAD MADERO', 28, 9, 172, 175, 7),
(3430, 'CIUDAD MADERO', 28, 9, 177, 179, 7),
(3431, 'CIUDAD MADERO', 28, 9, 180, 186, 8),
(3432, 'CIUDAD MADERO', 28, 9, 187, 196, 7),
(3433, 'CIUDAD MADERO', 28, 9, 197, 200, 8),
(3434, 'CIUDAD MADERO', 28, 9, 201, 213, 7),
(3435, 'CIUDAD MADERO', 28, 9, 214, 214, 8),
(3436, 'REYNOSA', 28, 32, 1093, 1110, 2),
(3437, 'REYNOSA', 28, 32, 1111, 1111, 3),
(3438, 'REYNOSA', 28, 32, 1112, 1123, 2),
(3439, 'REYNOSA', 28, 32, 1124, 1138, 3),
(3440, 'RIO BRAVO', 28, 33, 1139, 1210, 3),
(3441, 'SAN CARLOS', 28, 34, 1211, 1222, 5),
(3442, 'SAN FERNANDO', 28, 35, 1223, 1277, 3),
(3443, 'SAN NICOLAS', 28, 36, 1278, 1279, 5),
(3444, 'SOTO LA MARINA', 28, 37, 1280, 1303, 6),
(3445, 'TAMPICO', 28, 38, 1304, 1356, 8),
(3446, 'TAMPICO', 28, 38, 1358, 1496, 8),
(3447, 'TULA', 28, 39, 1497, 1515, 6),
(3448, 'VALLE HERMOSO', 28, 40, 1516, 1561, 3),
(3449, 'VICTORIA', 28, 41, 1562, 1711, 5),
(3450, 'VILLAGRAN', 28, 42, 1712, 1718, 5),
(3451, 'XICOTENCATL', 28, 43, 1719, 1739, 6),
(3452, 'REYNOSA', 28, 32, 1740, 1775, 3),
(3453, 'REYNOSA', 28, 32, 1776, 1817, 2),
(3454, 'AMAXAC DE GUERRERO', 29, 1, 1, 4, 2),
(3455, 'APETATITLAN DE ANTONIO CARVAJAL', 29, 2, 5, 11, 2),
(3456, 'APIZACO', 29, 3, 12, 48, 1),
(3457, 'ATLANGATEPEC', 29, 4, 49, 57, 1),
(3458, 'TLAXCO', 29, 34, 58, 58, 1),
(3459, 'ALTZAYANCA', 29, 5, 59, 77, 1),
(3460, 'CALPULALPAN', 29, 6, 78, 99, 3),
(3461, 'EL CARMEN TEQUEXQUITLA', 29, 7, 100, 106, 1),
(3462, 'CUAPIAXTLA', 29, 8, 107, 116, 1),
(3463, 'CUAXOMULCO', 29, 9, 117, 121, 1),
(3464, 'CHIAUTEMPAN', 29, 10, 122, 149, 2),
(3465, 'LA MAGDALENA TLALTELULCO', 29, 52, 150, 155, 2),
(3466, 'CHIAUTEMPAN', 29, 10, 156, 157, 2),
(3467, 'SAN FRANCISCO TETLANOHCAN', 29, 51, 158, 160, 2),
(3468, 'MUÑOZ DE DOMINGO ARENAS', 29, 11, 161, 164, 1),
(3469, 'ESPAÑITA', 29, 12, 165, 177, 3),
(3470, 'HUAMANTLA', 29, 13, 178, 219, 1),
(3471, 'HUEYOTLIPAN', 29, 14, 220, 231, 3),
(3472, 'IXTACUIXTLA DE MARIANO MATAMOROS', 29, 15, 232, 253, 3),
(3473, 'SANTA ANA NOPALUCAN', 29, 58, 254, 255, 3),
(3474, 'IXTACUIXTLA DE MARIANO MATAMOROS', 29, 15, 256, 258, 3),
(3475, 'TZOMPANTEPEC', 29, 38, 527, 530, 1),
(3476, 'SAN JOSE TEACALCO', 29, 50, 531, 535, 1),
(3477, 'TZOMPANTEPEC', 29, 38, 536, 537, 1),
(3478, 'XALOZTOC', 29, 39, 538, 546, 1),
(3479, 'XALTOCAN', 29, 40, 547, 550, 3),
(3480, 'SAN LUCAS TECOPILCO', 29, 57, 551, 552, 3),
(3481, 'XALTOCAN', 29, 40, 553, 557, 3),
(3482, 'PAPALOTLA DE XICOHTENCATL', 29, 41, 558, 569, 3),
(3483, 'XICOHTZINCO', 29, 42, 570, 574, 3),
(3484, 'YAUHQUEMECAN', 29, 43, 575, 585, 1),
(3485, 'SAN LORENZO AXOCOMANITLA', 29, 59, 586, 587, 3),
(3486, 'ZACATELCO', 29, 44, 588, 601, 3),
(3487, 'SANTA CATARINA AYOMETLA', 29, 48, 602, 605, 3),
(3488, 'LAZARO CARDENAS', 29, 55, 606, 606, 1),
(3489, 'EMILIANO ZAPATA', 29, 54, 607, 608, 1),
(3490, 'ACAJETE', 30, 1, 1, 4, 9),
(3491, 'ACATLAN', 30, 2, 5, 6, 8),
(3492, 'ACAYUCAN', 30, 3, 7, 46, 20),
(3493, 'ACTOPAN', 30, 4, 47, 84, 8),
(3494, 'ACULA', 30, 5, 85, 91, 19),
(3495, 'ACULTZINGO', 30, 6, 92, 105, 18),
(3496, 'CAMARON DE TEJEDA', 30, 7, 106, 108, 13),
(3497, 'ALAMO TEMAPACHE', 30, 8, 109, 177, 3),
(3498, 'ALPATLAHUAC', 30, 9, 178, 182, 15),
(3499, 'ALTO LUCERO DE GUTIERREZ BARRIOS', 30, 10, 183, 194, 8),
(3500, 'ALTO LUCERO DE GUTIERREZ BARRIOS', 30, 10, 197, 217, 8),
(3501, 'ALTOTONGA', 30, 11, 218, 246, 9),
(3502, 'ALVARADO', 30, 12, 247, 286, 17),
(3503, 'AMATITLAN', 30, 13, 287, 293, 19),
(3504, 'AMATLAN DE LOS REYES', 30, 14, 294, 319, 16),
(3505, 'NARANJOS AMATLAN', 30, 15, 320, 338, 1),
(3506, 'ANGEL R. CABADA', 30, 16, 339, 362, 19),
(3507, 'LA ANTIGUA', 30, 17, 363, 383, 13),
(3508, 'APAZAPAN', 30, 18, 384, 388, 8),
(3509, 'AQUILA', 30, 19, 389, 389, 15),
(3510, 'ASTACINGA', 30, 20, 390, 392, 18),
(3511, 'ATLAHUILCO', 30, 21, 393, 397, 18),
(3512, 'ATOYAC', 30, 22, 398, 413, 13),
(3513, 'ATZACAN', 30, 23, 414, 424, 16),
(3514, 'QUERETARO', 22, 14, 549, 550, 4),
(3515, 'QUERETARO', 22, 14, 551, 553, 3),
(3516, 'QUERETARO', 22, 14, 554, 554, 4),
(3517, 'EL MARQUES', 22, 10, 555, 555, 4),
(3518, 'SAN JOAQUIN', 22, 15, 556, 562, 1),
(3519, 'SAN JUAN DEL RIO', 22, 16, 563, 643, 2),
(3520, 'TEQUISQUIAPAN', 22, 17, 644, 673, 1),
(3521, 'TOLIMAN', 22, 18, 674, 687, 1),
(3522, 'CORREGIDORA', 22, 5, 688, 690, 2),
(3523, 'QUERETARO', 22, 14, 691, 693, 3),
(3524, 'CORREGIDORA', 22, 5, 694, 695, 2),
(3525, 'QUERETARO', 22, 14, 696, 733, 4),
(3526, 'QUERETARO', 22, 14, 734, 759, 3),
(3527, 'EL MARQUES', 22, 10, 760, 763, 4),
(3528, 'CORREGIDORA', 22, 5, 764, 796, 2),
(3529, 'BENITO JUAREZ', 23, 1, 1, 1, 1),
(3530, 'BENITO JUAREZ', 23, 1, 4, 10, 3),
(3531, 'BENITO JUAREZ', 23, 1, 12, 17, 1),
(3532, 'BENITO JUAREZ', 23, 1, 18, 20, 3),
(3533, 'BENITO JUAREZ', 23, 1, 21, 21, 1),
(3534, 'BENITO JUAREZ', 23, 1, 22, 149, 3),
(3535, 'BENITO JUAREZ', 23, 1, 151, 153, 3),
(3536, 'BENITO JUAREZ', 23, 1, 155, 159, 3),
(3537, 'BENITO JUAREZ', 23, 1, 161, 170, 3),
(3538, 'BENITO JUAREZ', 23, 1, 171, 172, 1),
(3539, 'BENITO JUAREZ', 23, 1, 173, 175, 3),
(3540, 'BENITO JUAREZ', 23, 1, 177, 181, 1),
(3541, 'COZUMEL', 23, 2, 182, 203, 1),
(3542, 'SOLIDARIDAD', 23, 8, 205, 206, 1),
(3543, 'SOLIDARIDAD', 23, 8, 208, 214, 1),
(3544, 'FELIPE CARRILLO PUERTO', 23, 3, 215, 245, 2),
(3545, 'FELIPE CARRILLO PUERTO', 23, 3, 247, 251, 2),
(3546, 'ISLA MUJERES', 23, 4, 252, 261, 1),
(3547, 'JOSE MARIA MORELOS', 23, 5, 262, 283, 2),
(3548, 'LAZARO CARDENAS', 23, 6, 284, 297, 1),
(3549, 'OTHON P. BLANCO', 23, 7, 298, 315, 2),
(3550, 'OTHON P. BLANCO', 23, 7, 317, 372, 2),
(3551, 'LAGUNILLAS', 24, 19, 478, 489, 3),
(3552, 'MATEHUALA', 24, 20, 490, 554, 1),
(3553, 'MEXQUITIC DE CARMONA', 24, 21, 555, 590, 1),
(3554, 'MOCTEZUMA', 24, 22, 591, 615, 1),
(3555, 'RAYON', 24, 23, 616, 633, 3),
(3556, 'RIOVERDE', 24, 24, 634, 723, 3),
(3557, 'SALINAS', 24, 25, 724, 738, 1),
(3558, 'SALINAS', 24, 25, 740, 747, 1),
(3559, 'SAN ANTONIO', 24, 26, 748, 756, 7),
(3560, 'SAN CIRO DE ACOSTA', 24, 27, 757, 772, 3),
(3561, 'SAN LUIS POTOSI', 24, 28, 773, 850, 5),
(3562, 'SAN LUIS POTOSI', 24, 28, 851, 851, 6),
(3563, 'SAN LUIS POTOSI', 24, 28, 852, 862, 5),
(3564, 'SAN LUIS POTOSI', 24, 28, 863, 863, 6),
(3565, 'SAN LUIS POTOSI', 24, 28, 864, 874, 5),
(3566, 'SAN LUIS POTOSI', 24, 28, 875, 879, 6),
(3567, 'SAN LUIS POTOSI', 24, 28, 880, 895, 5),
(3568, 'SAN LUIS POTOSI', 24, 28, 896, 902, 6),
(3569, 'SAN LUIS POTOSI', 24, 28, 903, 918, 5),
(3570, 'SAN LUIS POTOSI', 24, 28, 919, 927, 6),
(3571, 'SAN LUIS POTOSI', 24, 28, 928, 930, 5),
(3572, 'SAN LUIS POTOSI', 24, 28, 931, 981, 6),
(3573, 'SAN LUIS POTOSI', 24, 28, 982, 987, 5),
(3574, 'SAN LUIS POTOSI', 24, 28, 988, 996, 6),
(3575, 'SAN LUIS POTOSI', 24, 28, 997, 1005, 5),
(3576, 'SAN LUIS POTOSI', 24, 28, 1006, 1020, 6),
(3577, 'SAN LUIS POTOSI', 24, 28, 1021, 1023, 5),
(3578, 'SAN LUIS POTOSI', 24, 28, 1024, 1036, 6),
(3579, 'SAN LUIS POTOSI', 24, 28, 1037, 1037, 5),
(3580, 'SAN LUIS POTOSI', 24, 28, 1038, 1038, 6),
(3581, 'SAN LUIS POTOSI', 24, 28, 1039, 1042, 5),
(3582, 'SAN LUIS POTOSI', 24, 28, 1043, 1075, 6),
(3583, 'SAN LUIS POTOSI', 24, 28, 1076, 1106, 5),
(3584, 'SAN LUIS POTOSI', 24, 28, 1107, 1114, 6),
(3585, 'ZARAGOZA', 24, 56, 1773, 1795, 2),
(3586, 'AHOME', 25, 1, 1, 455, 2),
(3587, 'ANGOSTURA', 25, 2, 456, 515, 3),
(3588, 'ANGOSTURA', 25, 2, 517, 562, 3),
(3589, 'BADIRAGUATO', 25, 3, 563, 628, 1),
(3590, 'CONCORDIA', 25, 4, 629, 674, 6),
(3591, 'COSALA', 25, 5, 675, 709, 6),
(3592, 'CULIACAN', 25, 6, 710, 884, 5),
(3593, 'CULIACAN', 25, 6, 885, 886, 7),
(3594, 'CULIACAN', 25, 6, 887, 989, 5),
(3595, 'CULIACAN', 25, 6, 990, 1004, 3),
(3596, 'CULIACAN', 25, 6, 1005, 1006, 7),
(3597, 'CULIACAN', 25, 6, 1007, 1033, 5),
(3598, 'CULIACAN', 25, 6, 1034, 1035, 7),
(3599, 'CULIACAN', 25, 6, 1036, 1038, 5),
(3600, 'CULIACAN', 25, 6, 1039, 1041, 7),
(3601, 'CULIACAN', 25, 6, 1042, 1055, 5),
(3602, 'CULIACAN', 25, 6, 1056, 1078, 7),
(3603, 'CULIACAN', 25, 6, 1079, 1084, 5),
(3604, 'CULIACAN', 25, 6, 1085, 1205, 7),
(3605, 'CULIACAN', 25, 6, 1206, 1279, 5),
(3606, 'CULIACAN', 25, 6, 1280, 1294, 3),
(3607, 'CULIACAN', 25, 6, 1295, 1329, 5),
(3608, 'CULIACAN', 25, 6, 1331, 1366, 5),
(3609, 'CULIACAN', 25, 6, 1367, 1373, 7),
(3610, 'CULIACAN', 25, 6, 1374, 1378, 5),
(3611, 'CULIACAN', 25, 6, 1379, 1392, 7),
(3612, 'CULIACAN', 25, 6, 1393, 1395, 5),
(3613, 'CULIACAN', 25, 6, 1396, 1409, 7),
(3614, 'CULIACAN', 25, 6, 1410, 1411, 5),
(3615, 'CULIACAN', 25, 6, 1412, 1424, 7),
(3616, 'CULIACAN', 25, 6, 1425, 1425, 5),
(3617, 'CULIACAN', 25, 6, 1426, 1486, 7),
(3618, 'CULIACAN', 25, 6, 1487, 1506, 5),
(3619, 'CULIACAN', 25, 6, 1507, 1511, 3),
(3620, 'CULIACAN', 25, 6, 1512, 1512, 7),
(3621, 'CULIACAN', 25, 6, 1513, 1514, 5),
(3622, 'CULIACAN', 25, 6, 1515, 1515, 7),
(3623, 'CULIACAN', 25, 6, 1516, 1516, 5),
(3624, 'CULIACAN', 25, 6, 1517, 1534, 7),
(3625, 'CULIACAN', 25, 6, 1535, 1544, 3),
(3626, 'CULIACAN', 25, 6, 1545, 1552, 7),
(3627, 'CULIACAN', 25, 6, 1553, 1587, 3),
(3628, 'CULIACAN', 25, 6, 1588, 1588, 7),
(3629, 'ATIL', 26, 6, 46, 46, 1),
(3630, 'BACADEHUACHI', 26, 7, 47, 47, 4),
(3631, 'BACANORA', 26, 8, 48, 51, 4),
(3632, 'BACERAC', 26, 9, 52, 53, 4),
(3633, 'BACOACHI', 26, 10, 54, 55, 2),
(3634, 'BANAMICHI', 26, 11, 56, 57, 4),
(3635, 'BAVIACORA', 26, 12, 58, 63, 4),
(3636, 'BAVISPE', 26, 13, 64, 65, 4),
(3637, 'BENJAMIN HILL', 26, 14, 66, 69, 1),
(3638, 'CANANEA', 26, 15, 70, 88, 2),
(3639, 'CUCURPE', 26, 16, 89, 91, 2),
(3640, 'CUMPAS', 26, 17, 92, 99, 4),
(3641, 'DIVISADEROS', 26, 18, 100, 100, 4),
(3642, 'FRONTERAS', 26, 19, 101, 105, 2),
(3643, 'GRANADOS', 26, 20, 106, 106, 4),
(3644, 'HUACHINERA', 26, 21, 107, 108, 4),
(3645, 'HUASABAS', 26, 22, 109, 109, 4),
(3646, 'HUEPAC', 26, 23, 110, 111, 4),
(3647, 'IMURIS', 26, 24, 112, 118, 2),
(3648, 'IMURIS', 26, 24, 120, 122, 2),
(3649, 'MAGDALENA', 26, 25, 123, 137, 2),
(3650, 'MOCTEZUMA', 26, 26, 138, 141, 4),
(3651, 'NACO', 26, 27, 142, 145, 2),
(3652, 'NACORI CHICO', 26, 28, 146, 148, 4),
(3653, 'NACOZARI DE GARCIA', 26, 29, 149, 158, 4),
(3654, 'NOGALES', 26, 30, 159, 223, 2),
(3655, 'NOGALES', 26, 30, 225, 231, 2),
(3656, 'OQUITOA', 26, 31, 232, 232, 1),
(3657, 'SAHUARIPA', 26, 32, 233, 246, 4),
(3658, 'SAN FELIPE DE JESUS', 26, 33, 247, 247, 4),
(3659, 'SAN JAVIER', 26, 34, 248, 248, 4),
(3660, 'SAN PEDRO DE LA CUEVA', 26, 35, 249, 251, 4),
(3661, 'SANTA ANA', 26, 36, 252, 263, 1),
(3662, 'SANTA CRUZ', 26, 37, 264, 264, 2),
(3663, 'SARIC', 26, 38, 265, 266, 1),
(3664, 'SOYOPA', 26, 39, 267, 272, 4),
(3665, 'SUAQUI GRANDE', 26, 40, 273, 273, 4),
(3666, 'TEPACHE', 26, 41, 274, 276, 4),
(3667, 'TRINCHERAS', 26, 42, 278, 280, 1),
(3668, 'TUBUTAMA', 26, 43, 281, 285, 1),
(3669, 'VILLA HIDALGO', 26, 44, 286, 288, 4),
(3670, 'VILLA PESQUEIRA', 26, 45, 289, 291, 4),
(3671, 'CABORCA', 26, 46, 292, 328, 1),
(3672, 'CARBO', 26, 47, 329, 330, 4),
(3673, 'NAVOJOA', 26, 65, 1230, 1305, 7),
(3674, 'ONAVAS', 26, 66, 1306, 1306, 4),
(3675, 'QUIRIEGO', 26, 67, 1307, 1309, 7),
(3676, 'ROSARIO', 26, 68, 1310, 1315, 7),
(3677, 'YECORA', 26, 69, 1316, 1322, 4),
(3678, 'GENERAL PLUTARCO ELIAS CALLES', 26, 70, 1323, 1330, 1),
(3679, 'BENITO JUAREZ', 26, 71, 1331, 1331, 7),
(3680, 'HERMOSILLO', 26, 49, 1332, 1361, 3),
(3681, 'ALTAR', 26, 3, 1362, 1365, 1),
(3682, 'PITIQUITO', 26, 52, 1366, 1367, 1),
(3683, 'NOGALES', 26, 30, 1368, 1395, 2),
(3684, 'HERMOSILLO', 26, 49, 1396, 1407, 5),
(3685, 'BALANCAN', 27, 1, 1, 45, 1),
(3686, 'CARDENAS', 27, 2, 46, 48, 2),
(3687, 'CARDENAS', 27, 2, 49, 49, 3),
(3688, 'CARDENAS', 27, 2, 50, 54, 2),
(3689, 'CARDENAS', 27, 2, 55, 56, 3),
(3690, 'CARDENAS', 27, 2, 57, 61, 2),
(3691, 'CARDENAS', 27, 2, 62, 65, 3),
(3692, 'CARDENAS', 27, 2, 66, 73, 2),
(3693, 'CARDENAS', 27, 2, 74, 89, 3),
(3694, 'CARDENAS', 27, 2, 90, 149, 2),
(3695, 'CARDENAS', 27, 2, 150, 150, 3),
(3696, 'CARDENAS', 27, 2, 151, 159, 2),
(3697, 'CARDENAS', 27, 2, 160, 160, 3),
(3698, 'CARDENAS', 27, 2, 161, 161, 2),
(3699, 'CARDENAS', 27, 2, 162, 162, 3),
(3700, 'CARDENAS', 27, 2, 163, 163, 2),
(3701, 'CARDENAS', 27, 2, 164, 166, 3),
(3702, 'CARDENAS', 27, 2, 167, 167, 2),
(3703, 'CENTLA', 27, 3, 168, 231, 5),
(3704, 'CENTRO', 27, 4, 232, 313, 4),
(3705, 'CENTRO', 27, 4, 314, 314, 6),
(3706, 'CENTRO', 27, 4, 315, 340, 4),
(3707, 'CENTRO', 27, 4, 341, 352, 6),
(3708, 'CENTRO', 27, 4, 353, 364, 4),
(3709, 'CENTRO', 27, 4, 365, 378, 6),
(3710, 'CENTRO', 27, 4, 379, 387, 4),
(3711, 'CENTRO', 27, 4, 388, 402, 6),
(3712, 'CENTRO', 27, 4, 403, 405, 4),
(3713, 'CENTRO', 27, 4, 406, 418, 6),
(3714, 'CENTRO', 27, 4, 419, 451, 4),
(3715, 'CENTRO', 27, 4, 452, 453, 6),
(3716, 'CENTRO', 27, 4, 454, 457, 4),
(3717, 'CENTRO', 27, 4, 458, 465, 6),
(3718, 'CIUDAD MADERO', 28, 9, 215, 258, 7),
(3719, 'CRUILLAS', 28, 10, 259, 265, 3),
(3720, 'GOMEZ FARIAS', 28, 11, 266, 272, 6),
(3721, 'GONZALEZ', 28, 12, 273, 310, 6),
(3722, 'GUEMEZ', 28, 13, 311, 326, 5),
(3723, 'GUERRERO', 28, 14, 327, 330, 1),
(3724, 'GUSTAVO DIAZ ORDAZ', 28, 15, 332, 345, 3),
(3725, 'HIDALGO', 28, 16, 346, 367, 5),
(3726, 'JAUMAVE', 28, 17, 368, 380, 6),
(3727, 'JIMENEZ', 28, 18, 381, 388, 6),
(3728, 'LLERA', 28, 19, 389, 407, 6),
(3729, 'MAINERO', 28, 20, 408, 411, 5),
(3730, 'EL MANTE', 28, 21, 412, 497, 6),
(3731, 'MATAMOROS', 28, 22, 498, 546, 4),
(3732, 'MATAMOROS', 28, 22, 547, 547, 3),
(3733, 'MATAMOROS', 28, 22, 548, 561, 4),
(3734, 'MATAMOROS', 28, 22, 562, 562, 3),
(3735, 'MATAMOROS', 28, 22, 563, 672, 4),
(3736, 'MATAMOROS', 28, 22, 673, 709, 3),
(3737, 'MENDEZ', 28, 23, 710, 715, 3),
(3738, 'MIER', 28, 24, 716, 721, 1),
(3739, 'MIGUEL ALEMAN', 28, 25, 722, 744, 1),
(3740, 'MIQUIHUANA', 28, 26, 745, 748, 6),
(3741, 'NUEVO LAREDO', 28, 27, 749, 904, 1),
(3742, 'NUEVO MORELOS', 28, 28, 905, 907, 6),
(3743, 'OCAMPO', 28, 29, 908, 921, 6),
(3744, 'PADILLA', 28, 30, 922, 930, 5),
(3745, 'PALMILLAS', 28, 31, 931, 934, 6),
(3746, 'REYNOSA', 28, 32, 935, 935, 3),
(3747, 'REYNOSA', 28, 32, 936, 942, 2),
(3748, 'REYNOSA', 28, 32, 943, 943, 3),
(3749, 'REYNOSA', 28, 32, 944, 947, 2),
(3750, 'REYNOSA', 28, 32, 948, 948, 3),
(3751, 'REYNOSA', 28, 32, 949, 989, 2),
(3752, 'REYNOSA', 28, 32, 990, 995, 3),
(3753, 'REYNOSA', 28, 32, 996, 1017, 2),
(3754, 'REYNOSA', 28, 32, 1018, 1020, 3),
(3755, 'REYNOSA', 28, 32, 1021, 1021, 2),
(3756, 'REYNOSA', 28, 32, 1024, 1075, 2),
(3757, 'REYNOSA', 28, 32, 1076, 1077, 3),
(3758, 'REYNOSA', 28, 32, 1078, 1091, 2),
(3759, 'IXTENCO', 29, 16, 259, 262, 1),
(3760, 'MAZATECOCHCO DE JOSE MARIA MORELOS', 29, 17, 263, 266, 3),
(3761, 'CONTLA DE JUAN CUAMATZI', 29, 18, 267, 283, 2),
(3762, 'TEPETITLA DE LARDIZABAL', 29, 19, 284, 291, 3),
(3763, 'SANCTORUM DE LAZARO CARDENAS', 29, 20, 292, 294, 3),
(3764, 'BENITO JUAREZ', 29, 60, 295, 296, 3),
(3765, 'SANCTORUM DE LAZARO CARDENAS', 29, 20, 297, 298, 3),
(3766, 'NANACAMILPA DE MARIANO ARISTA', 29, 21, 299, 308, 3),
(3767, 'ACUAMANALA DE MIGUEL HIDALGO', 29, 22, 309, 312, 2),
(3768, 'SANTA CRUZ QUILEHTLA', 29, 46, 313, 315, 3),
(3769, 'SANTA APOLONIA TEACALCO', 29, 45, 316, 317, 3),
(3770, 'NATIVITAS', 29, 23, 318, 331, 3),
(3771, 'PANOTLA', 29, 24, 332, 347, 3),
(3772, 'SAN PABLO DEL MONTE', 29, 25, 348, 364, 2),
(3773, 'SANTA CRUZ TLAXCALA', 29, 26, 365, 371, 2),
(3774, 'TENANCINGO', 29, 27, 372, 377, 3),
(3775, 'TEOLOCHOLCO', 29, 28, 378, 386, 2),
(3776, 'TEPEYANCO', 29, 29, 387, 390, 2),
(3777, 'SANTA ISABEL XILOXOXTLA', 29, 49, 391, 392, 2),
(3778, 'TEPEYANCO', 29, 29, 393, 394, 2),
(3779, 'SAN JUAN HUACTZINCO', 29, 47, 395, 396, 3),
(3780, 'TEPEYANCO', 29, 29, 397, 397, 2),
(3781, 'TERRENATE', 29, 30, 398, 399, 1),
(3782, 'EMILIANO ZAPATA', 29, 54, 400, 401, 1),
(3783, 'LAZARO CARDENAS', 29, 55, 402, 402, 1),
(3784, 'TERRENATE', 29, 30, 403, 408, 1),
(3785, 'TETLA DE LA SOLIDARIDAD', 29, 31, 409, 423, 1),
(3786, 'TETLATLAHUCA', 29, 32, 424, 428, 3),
(3787, 'SAN DAMIAN TEXOLOC', 29, 53, 429, 430, 3),
(3788, 'TETLATLAHUCA', 29, 32, 431, 431, 3),
(3789, 'SAN JERONIMO ZACUALPAN', 29, 56, 432, 433, 3),
(3790, 'TETLATLAHUCA', 29, 32, 434, 434, 3),
(3791, 'TLAXCALA', 29, 33, 435, 469, 2),
(3792, 'TLAXCO', 29, 34, 470, 504, 1),
(3793, 'TOCATLAN', 29, 35, 505, 507, 1),
(3794, 'TOTOLAC', 29, 36, 508, 519, 2),
(3795, 'ZITLALTEPEC DE TRINIDAD SANCHEZ SANTOS', 29, 37, 520, 526, 1),
(3796, 'ATZALAN', 30, 24, 425, 458, 7),
(3797, 'TLALTETELA', 30, 25, 459, 464, 13),
(3798, 'AYAHUALULCO', 30, 26, 465, 472, 9),
(3799, 'BANDERILLA', 30, 27, 473, 481, 8),
(3800, 'BENITO JUAREZ', 30, 28, 482, 491, 2),
(3801, 'BOCA DEL RIO', 30, 29, 492, 587, 4),
(3802, 'CALCAHUALCO', 30, 30, 588, 592, 15),
(3803, 'CAMERINO Z. MENDOZA', 30, 31, 593, 608, 18),
(3804, 'CARRILLO PUERTO', 30, 32, 609, 616, 13),
(3805, 'CASTILLO DE TEAYO', 30, 33, 617, 631, 5),
(3806, 'CATEMACO', 30, 34, 632, 655, 19),
(3807, 'CAZONES DE HERRERA', 30, 35, 656, 670, 3),
(3808, 'CERRO AZUL', 30, 36, 671, 694, 3),
(3809, 'CITLALTEPETL', 30, 37, 695, 703, 2),
(3810, 'COACOATZINTLA', 30, 38, 704, 708, 9),
(3811, 'COAHUITLAN', 30, 39, 709, 711, 6),
(3812, 'COATEPEC', 30, 40, 712, 762, 9),
(3813, 'COATZACOALCOS', 30, 41, 763, 815, 11),
(3814, 'COATZACOALCOS', 30, 41, 817, 865, 11),
(3815, 'COATZACOALCOS', 30, 41, 867, 931, 11),
(3816, 'COATZINTLA', 30, 42, 932, 960, 5),
(3817, 'COETZALA', 30, 43, 961, 962, 18),
(3818, 'COLIPA', 30, 44, 963, 965, 8),
(3819, 'COLIPA', 30, 44, 967, 969, 8),
(3820, 'COMAPA', 30, 45, 970, 979, 13),
(3821, 'CORDOBA', 30, 46, 980, 1093, 16),
(3822, 'COSAMALOAPAN', 30, 47, 1094, 1117, 17),
(3823, 'CARLOS A. CARRILLO', 30, 208, 1118, 1132, 20),
(3824, 'COSAMALOAPAN', 30, 47, 1133, 1142, 17),
(3825, 'CARLOS A. CARRILLO', 30, 208, 1143, 1145, 20),
(3826, 'COSAMALOAPAN', 30, 47, 1146, 1152, 17),
(3827, 'COSAUTLAN DE CARVAJAL', 30, 48, 1153, 1161, 9),
(3828, 'COSCOMATEPEC', 30, 49, 1162, 1183, 15),
(3829, 'COSOLEACAQUE', 30, 50, 1184, 1251, 21),
(3830, 'COTAXTLA', 30, 51, 1252, 1265, 17),
(3831, 'COXQUIHUI', 30, 52, 1266, 1274, 6),
(3832, 'COYUTLA', 30, 53, 1275, 1285, 6),
(3833, 'CUICHAPA', 30, 54, 1286, 1292, 18),
(3834, 'CUITLAHUAC', 30, 55, 1293, 1309, 18),
(3835, 'CHACALTIANGUIS', 30, 56, 1310, 1319, 20),
(3836, 'CHALMA', 30, 57, 1320, 1328, 2),
(3837, 'CHICONAMEL', 30, 58, 1329, 1334, 2),
(3838, 'CHICONQUIACO', 30, 59, 1335, 1342, 8),
(3839, 'CHICONTEPEC', 30, 60, 1343, 1389, 2),
(3840, 'CHINAMECA', 30, 61, 1390, 1402, 21),
(3841, 'CHINAMPA DE GOROSTIZA', 30, 62, 1403, 1412, 1),
(3842, 'LAS CHOAPAS', 30, 63, 1413, 1455, 14),
(3843, 'CHOCAMAN', 30, 64, 1456, 1462, 15),
(3844, 'CHONTLA', 30, 65, 1463, 1472, 2),
(3845, 'CHUMATLAN', 30, 66, 1473, 1474, 6),
(3846, 'EMILIANO ZAPATA', 30, 67, 1475, 1509, 8),
(3847, 'ESPINAL', 30, 68, 1510, 1523, 6),
(3848, 'FILOMENO MATA', 30, 69, 1524, 1528, 6),
(3849, 'FORTIN', 30, 70, 1529, 1555, 16),
(3850, 'GUTIERREZ ZAMORA', 30, 71, 1556, 1578, 6),
(3851, 'HIDALGOTITLAN', 30, 72, 1579, 1590, 14),
(3852, 'UXPANAPA', 30, 209, 1591, 1596, 14),
(3853, 'HUATUSCO', 30, 73, 1597, 1622, 13),
(3854, 'HUAYACOCOTLA', 30, 74, 1623, 1640, 2),
(3855, 'HUEYAPAN DE OCAMPO', 30, 75, 1641, 1667, 21),
(3856, 'HUILOAPAN DE CUAUHTEMOC', 30, 76, 1668, 1671, 18),
(3857, 'IGNACIO DE LA LLAVE', 30, 77, 1672, 1687, 17),
(3858, 'ILAMATLAN', 30, 78, 1688, 1700, 2),
(3859, 'ISLA', 30, 79, 1701, 1717, 20),
(3860, 'IXCATEPEC', 30, 80, 1718, 1725, 2),
(3861, 'IXHUACAN DE LOS REYES', 30, 81, 1726, 1730, 9),
(3862, 'IXHUATLAN DE MADERO', 30, 82, 1731, 1763, 2),
(3863, 'IXHUATLAN DEL CAFE', 30, 83, 1764, 1774, 13),
(3864, 'IXHUATLAN DEL SURESTE', 30, 84, 1775, 1783, 14),
(3865, 'IXHUATLANCILLO', 30, 85, 1784, 1790, 15),
(3866, 'IXMATLAHUACAN', 30, 86, 1791, 1797, 17),
(3867, 'IXTACZOQUITLAN', 30, 87, 1798, 1829, 16),
(3868, 'JALACINGO', 30, 88, 1830, 1847, 7),
(3869, 'XALAPA', 30, 89, 1848, 1969, 10),
(3870, 'XALAPA', 30, 89, 1970, 1971, 8),
(3871, 'XALAPA', 30, 89, 1972, 2004, 10),
(3872, 'XALAPA', 30, 89, 2005, 2006, 8),
(3873, 'XALAPA', 30, 89, 2007, 2026, 10),
(3874, 'XALAPA', 30, 89, 2027, 2029, 8),
(3875, 'XALAPA', 30, 89, 2030, 2050, 10),
(3876, 'XALAPA', 30, 89, 2051, 2055, 8),
(3877, 'MISANTLA', 30, 110, 2526, 2577, 7),
(3878, 'MIXTLA DE ALTAMIRANO', 30, 111, 2578, 2582, 18),
(3879, 'MOLOACAN', 30, 112, 2583, 2593, 14),
(3880, 'NAOLINCO', 30, 113, 2594, 2606, 8),
(3881, 'NARANJAL', 30, 114, 2607, 2609, 16),
(3882, 'NAUTLA', 30, 115, 2610, 2620, 7),
(3883, 'NOGALES', 30, 116, 2621, 2639, 15),
(3884, 'OLUTA', 30, 117, 2640, 2649, 21),
(3885, 'OMEALCA', 30, 118, 2650, 2665, 18),
(3886, 'ORIZABA', 30, 119, 2666, 2763, 15),
(3887, 'OTATITLAN', 30, 120, 2764, 2769, 17),
(3888, 'OTEAPAN', 30, 121, 2770, 2775, 21),
(3889, 'OZULUAMA', 30, 122, 2776, 2804, 1),
(3890, 'PAJAPAN', 30, 123, 2805, 2813, 21),
(3891, 'PANUCO', 30, 124, 2814, 2897, 1),
(3892, 'PAPANTLA', 30, 125, 2898, 2989, 6),
(3893, 'PASO DEL MACHO', 30, 126, 2990, 3003, 13),
(3894, 'PASO DE OVEJAS', 30, 127, 3004, 3027, 13),
(3895, 'LA PERLA', 30, 128, 3028, 3035, 15),
(3896, 'PEROTE', 30, 129, 3036, 3066, 9),
(3897, 'PLATON SANCHEZ', 30, 130, 3067, 3080, 2),
(3898, 'PLAYA VICENTE', 30, 131, 3081, 3099, 20),
(3899, 'SANTIAGO SOCHIAPAN', 30, 212, 3100, 3101, 20),
(3900, 'PLAYA VICENTE', 30, 131, 3102, 3106, 20),
(3901, 'SANTIAGO SOCHIAPAN', 30, 212, 3107, 3108, 20),
(3902, 'POZA RICA DE HIDALGO', 30, 132, 3109, 3218, 5),
(3903, 'PUEBLO VIEJO', 30, 133, 3219, 3258, 1),
(3904, 'PUENTE NACIONAL', 30, 134, 3259, 3273, 13),
(3905, 'RAFAEL DELGADO', 30, 135, 3274, 3282, 18),
(3906, 'RAFAEL LUCIO', 30, 136, 3283, 3285, 9),
(3907, 'LAS VIGAS DE RAMIREZ', 30, 137, 3286, 3293, 9),
(3908, 'LOS REYES', 30, 138, 3294, 3296, 18),
(3909, 'RIO BLANCO', 30, 139, 3297, 3320, 15),
(3910, 'SALTABARRANCA', 30, 140, 3321, 3325, 19),
(3911, 'SAN ANDRES TENEJAPAN', 30, 141, 3326, 3327, 18),
(3912, 'SAN ANDRES TUXTLA', 30, 142, 3328, 3408, 19),
(3913, 'SAN JUAN EVANGELISTA', 30, 143, 3409, 3436, 20),
(3914, 'SANTIAGO TUXTLA', 30, 144, 3437, 3474, 19),
(3915, 'SAYULA DE ALEMAN', 30, 145, 3475, 3493, 20),
(3916, 'SOCONUSCO', 30, 146, 3494, 3501, 21),
(3917, 'TONAYAN', 30, 186, 4083, 4085, 8),
(3918, 'TOTUTLA', 30, 187, 4086, 4095, 13),
(3919, 'TUXPAN', 30, 188, 4096, 4170, 3),
(3920, 'TUXTILLA', 30, 189, 4171, 4172, 20),
(3921, 'URSULO GALVAN', 30, 190, 4173, 4195, 8),
(3922, 'VEGA DE ALATORRE', 30, 191, 4196, 4216, 8),
(3923, 'VERACRUZ', 30, 192, 4217, 4365, 12),
(3924, 'VERACRUZ', 30, 192, 4366, 4367, 4),
(3925, 'VERACRUZ', 30, 192, 4368, 4381, 12),
(3926, 'VERACRUZ', 30, 192, 4383, 4384, 4),
(3927, 'VERACRUZ', 30, 192, 4385, 4385, 12),
(3928, 'VERACRUZ', 30, 192, 4386, 4386, 4),
(3929, 'VERACRUZ', 30, 192, 4387, 4389, 12),
(3930, 'VERACRUZ', 30, 192, 4390, 4390, 4),
(3931, 'VERACRUZ', 30, 192, 4391, 4407, 12),
(3932, 'VERACRUZ', 30, 192, 4408, 4472, 4),
(3933, 'VERACRUZ', 30, 192, 4473, 4493, 12),
(3934, 'VERACRUZ', 30, 192, 4494, 4498, 4),
(3935, 'VERACRUZ', 30, 192, 4499, 4499, 12),
(3936, 'VERACRUZ', 30, 192, 4500, 4500, 4),
(3937, 'VILLA ALDAMA', 30, 193, 4501, 4505, 9),
(3938, 'XICO', 30, 194, 4506, 4524, 9),
(3939, 'XOXOCOTLA', 30, 195, 4525, 4526, 18),
(3940, 'YANGA', 30, 196, 4527, 4540, 18),
(3941, 'YECUATLA', 30, 197, 4541, 4550, 8),
(3942, 'ZACUALPAN', 30, 198, 4551, 4556, 2),
(3943, 'ZARAGOZA', 30, 199, 4557, 4560, 21),
(3944, 'ZENTLA', 30, 200, 4561, 4569, 13),
(3945, 'ZONGOLICA', 30, 201, 4570, 4597, 18),
(3946, 'ZONTECOMATLAN', 30, 202, 4598, 4605, 2),
(3947, 'ZOZOCOLCO DE HIDALGO', 30, 203, 4606, 4613, 6),
(3948, 'TRES VALLES', 30, 204, 4614, 4646, 17),
(3949, 'NANCHITAL DE LAZARO CARDENAS DEL RIO', 30, 205, 4647, 4666, 11),
(3950, 'AGUA DULCE', 30, 206, 4667, 4695, 11),
(3951, 'EL HIGO', 30, 207, 4696, 4711, 1),
(3952, 'CARLOS A. CARRILLO', 30, 208, 4712, 4713, 20),
(3953, 'UXPANAPA', 30, 209, 4714, 4716, 14),
(3954, 'TATAHUICAPAN DE JUAREZ', 30, 210, 4717, 4718, 21),
(3955, 'XALAPA', 30, 89, 4719, 4719, 10),
(3956, 'SANTIAGO SOCHIAPAN', 30, 212, 4720, 4722, 20),
(3957, 'COATZACOALCOS', 30, 41, 4723, 4745, 11),
(3958, 'KOPOMA', 31, 45, 232, 233, 5),
(3959, 'MAMA', 31, 46, 234, 235, 5),
(3960, 'MANI', 31, 47, 236, 238, 5),
(3961, 'MAXCANU', 31, 48, 239, 251, 5),
(3962, 'MAYAPAN', 31, 49, 252, 253, 5),
(3963, 'MERIDA', 31, 50, 254, 260, 3),
(3964, 'MERIDA', 31, 50, 261, 266, 4),
(3965, 'MERIDA', 31, 50, 267, 268, 3),
(3966, 'MERIDA', 31, 50, 270, 272, 3),
(3967, 'MERIDA', 31, 50, 273, 284, 4),
(3968, 'MERIDA', 31, 50, 285, 295, 3),
(3969, 'MERIDA', 31, 50, 296, 307, 4),
(3970, 'MERIDA', 31, 50, 308, 316, 3),
(3971, 'MERIDA', 31, 50, 317, 337, 4),
(3972, 'MERIDA', 31, 50, 338, 352, 3),
(3973, 'MERIDA', 31, 50, 353, 364, 4),
(3974, 'MERIDA', 31, 50, 365, 394, 3),
(3975, 'MERIDA', 31, 50, 395, 409, 4),
(3976, 'MERIDA', 31, 50, 410, 426, 3),
(3977, 'MERIDA', 31, 50, 427, 459, 4),
(3978, 'MERIDA', 31, 50, 460, 480, 3),
(3979, 'MERIDA', 31, 50, 481, 497, 4),
(3980, 'MERIDA', 31, 50, 498, 500, 3),
(3981, 'MERIDA', 31, 50, 501, 559, 4),
(3982, 'MERIDA', 31, 50, 560, 565, 3),
(3983, 'MERIDA', 31, 50, 566, 573, 4),
(3984, 'MERIDA', 31, 50, 574, 576, 3),
(3985, 'MERIDA', 31, 50, 577, 579, 4),
(3986, 'MERIDA', 31, 50, 580, 640, 3),
(3987, 'MERIDA', 31, 50, 641, 643, 4),
(3988, 'MERIDA', 31, 50, 644, 645, 3),
(3989, 'MERIDA', 31, 50, 646, 647, 4),
(3990, 'MERIDA', 31, 50, 648, 648, 3),
(3991, 'MERIDA', 31, 50, 649, 656, 4),
(3992, 'MOCOCHA', 31, 51, 657, 660, 2),
(3993, 'MOTUL', 31, 52, 661, 679, 2),
(3994, 'MUNA', 31, 53, 680, 686, 5),
(3995, 'MUXUPIP', 31, 54, 687, 689, 2),
(3996, 'OPICHEN', 31, 55, 690, 692, 5),
(3997, 'OXKUTZCAB', 31, 56, 693, 708, 5),
(3998, 'PANABA', 31, 57, 709, 714, 1),
(3999, 'PETO', 31, 58, 715, 733, 1),
(4000, 'PROGRESO', 31, 59, 734, 764, 2),
(4001, 'QUINTANA ROO', 31, 60, 765, 765, 1),
(4002, 'RIO LAGARTOS', 31, 61, 766, 768, 1),
(4003, 'SACALUM', 31, 62, 769, 771, 5),
(4004, 'APOZOL', 32, 1, 1, 13, 2),
(4005, 'APULCO', 32, 2, 14, 21, 2),
(4006, 'ATOLINGA', 32, 3, 22, 30, 2),
(4007, 'BENITO JUAREZ', 32, 4, 31, 39, 2),
(4008, 'CALERA', 32, 5, 40, 60, 1),
(4009, 'CAÑITAS DE FELIPE PESCADOR', 32, 6, 61, 71, 3),
(4010, 'CONCEPCION DEL ORO', 32, 7, 73, 102, 3),
(4011, 'CUAUHTEMOC', 32, 8, 103, 113, 2),
(4012, 'CHALCHIHUITES', 32, 9, 114, 134, 1),
(4013, 'FRESNILLO', 32, 10, 135, 348, 1),
(4014, 'TRINIDAD GARCIA DE LA CADENA', 32, 11, 349, 356, 2),
(4015, 'TRINIDAD GARCIA DE LA CADENA', 32, 11, 358, 358, 2),
(4016, 'GENARO CODINA', 32, 12, 359, 377, 2),
(4017, 'GENERAL ENRIQUE ESTRADA', 32, 13, 378, 385, 1),
(4018, 'GENERAL FRANCISCO R. MURGUIA', 32, 14, 386, 427, 3),
(4019, 'EL PLATEADO DE JOAQUIN AMARO', 32, 15, 428, 435, 2),
(4020, 'GENERAL PANFILO NATERA', 32, 16, 436, 459, 4),
(4021, 'GUADALUPE', 32, 17, 460, 515, 4),
(4022, 'TRANCOSO', 32, 57, 516, 516, 4),
(4023, 'GUADALUPE', 32, 17, 517, 524, 4),
(4024, 'TRANCOSO', 32, 57, 525, 533, 4),
(4025, 'GUADALUPE', 32, 17, 534, 547, 4),
(4026, 'TRANCOSO', 32, 57, 548, 548, 4),
(4027, 'GUADALUPE', 32, 17, 549, 551, 4),
(4028, 'HUANUSCO', 32, 18, 552, 565, 2),
(4029, 'JALPA', 32, 19, 566, 605, 2),
(4030, 'JEREZ', 32, 20, 606, 707, 2),
(4031, 'JIMENEZ DEL TEUL', 32, 21, 708, 717, 1),
(4032, 'JUAN ALDAMA', 32, 22, 718, 741, 3),
(4033, 'JUCHIPILA', 32, 23, 742, 762, 2),
(4034, 'LORETO', 32, 24, 763, 793, 4),
(4035, 'LUIS MOYA', 32, 25, 794, 807, 2),
(4036, 'MAZAPIL', 32, 26, 808, 856, 3),
(4037, 'MAZAPIL', 32, 26, 858, 867, 3),
(4038, 'MELCHOR OCAMPO', 32, 27, 868, 875, 3),
(4039, 'MEZQUITAL DEL ORO', 32, 28, 876, 883, 2),
(4040, 'MIGUEL AUZA', 32, 29, 884, 904, 1),
(4041, 'MOMAX', 32, 30, 906, 913, 2),
(4042, 'MONTE ESCOBEDO', 32, 31, 914, 919, 2),
(4043, 'XALAPA', 30, 89, 2056, 2068, 10),
(4044, 'XALAPA', 30, 89, 2069, 2074, 8),
(4045, 'XALAPA', 30, 89, 2075, 2084, 10),
(4046, 'XALAPA', 30, 89, 2085, 2097, 8),
(4047, 'XALAPA', 30, 89, 2098, 2098, 10),
(4048, 'XALAPA', 30, 89, 2099, 2100, 8),
(4049, 'JALCOMULCO', 30, 90, 2101, 2104, 8),
(4050, 'JALTIPAN', 30, 91, 2105, 2137, 21),
(4051, 'JAMAPA', 30, 92, 2138, 2145, 17),
(4052, 'JESUS CARRANZA', 30, 93, 2146, 2167, 14),
(4053, 'UXPANAPA', 30, 209, 2168, 2169, 14),
(4054, 'JILOTEPEC', 30, 94, 2170, 2178, 8),
(4055, 'JUAN RODRIGUEZ CLARA', 30, 95, 2179, 2200, 20),
(4056, 'JUCHIQUE DE FERRER', 30, 96, 2201, 2218, 8),
(4057, 'LANDERO Y COSS', 30, 97, 2219, 2220, 7),
(4058, 'LERDO DE TEJADA', 30, 98, 2221, 2236, 19),
(4059, 'MAGDALENA', 30, 99, 2237, 2239, 18),
(4060, 'MALTRATA', 30, 100, 2240, 2248, 15),
(4061, 'MANLIO FABIO ALTAMIRANO', 30, 101, 2249, 2264, 13),
(4062, 'MARIANO ESCOBEDO', 30, 102, 2265, 2280, 15),
(4063, 'MARTINEZ DE LA TORRE', 30, 103, 2281, 2318, 7),
(4064, 'SAN RAFAEL', 30, 211, 2319, 2323, 7),
(4065, 'SAN RAFAEL', 30, 211, 2325, 2326, 7),
(4066, 'MARTINEZ DE LA TORRE', 30, 103, 2327, 2329, 7),
(4067, 'MARTINEZ DE LA TORRE', 30, 103, 2331, 2332, 7),
(4068, 'SAN RAFAEL', 30, 211, 2333, 2346, 7),
(4069, 'MARTINEZ DE LA TORRE', 30, 103, 2347, 2350, 7),
(4070, 'SAN RAFAEL', 30, 211, 2351, 2357, 7),
(4071, 'MARTINEZ DE LA TORRE', 30, 103, 2358, 2373, 7),
(4072, 'MECATLAN', 30, 104, 2374, 2378, 6),
(4073, 'MECAYAPAN', 30, 105, 2379, 2381, 21),
(4074, 'TATAHUICAPAN DE JUAREZ', 30, 210, 2382, 2382, 21),
(4075, 'MECAYAPAN', 30, 105, 2383, 2383, 21),
(4076, 'TATAHUICAPAN DE JUAREZ', 30, 210, 2384, 2386, 21),
(4077, 'MECAYAPAN', 30, 105, 2387, 2389, 21),
(4078, 'MEDELLIN', 30, 106, 2390, 2414, 17),
(4079, 'MIAHUATLAN', 30, 107, 2415, 2417, 8),
(4080, 'LAS MINAS', 30, 108, 2418, 2419, 9),
(4081, 'MINATITLAN', 30, 109, 2420, 2519, 14),
(4082, 'UXPANAPA', 30, 209, 2520, 2525, 14),
(4083, 'SOCHIAPA', 30, 147, 3502, 3503, 13),
(4084, 'SOLEDAD ATZOMPA', 30, 148, 3504, 3512, 18),
(4085, 'SOLEDAD DE DOBLADO', 30, 149, 3513, 3529, 13),
(4086, 'SOTEAPAN', 30, 150, 3530, 3533, 21),
(4087, 'TATAHUICAPAN DE JUAREZ', 30, 210, 3534, 3535, 21),
(4088, 'SOTEAPAN', 30, 150, 3536, 3542, 21),
(4089, 'TAMALIN', 30, 151, 3543, 3550, 1),
(4090, 'TAMIAHUA', 30, 152, 3551, 3571, 3),
(4091, 'TAMPICO ALTO', 30, 153, 3572, 3590, 1),
(4092, 'TANCOCO', 30, 154, 3591, 3597, 1),
(4093, 'TANTIMA', 30, 155, 3598, 3608, 1),
(4094, 'TANTOYUCA', 30, 156, 3609, 3668, 2),
(4095, 'TATATILA', 30, 157, 3669, 3672, 9),
(4096, 'TECOLUTLA', 30, 158, 3673, 3698, 6),
(4097, 'TEHUIPANGO', 30, 159, 3699, 3705, 18),
(4098, 'TEMPOAL', 30, 160, 3706, 3735, 1),
(4099, 'TENAMPA', 30, 161, 3736, 3738, 13),
(4100, 'TENOCHTITLAN', 30, 162, 3739, 3744, 7),
(4101, 'TEOCELO', 30, 163, 3745, 3753, 9),
(4102, 'TEPATLAXCO', 30, 164, 3754, 3756, 13),
(4103, 'TEPETLAN', 30, 165, 3757, 3762, 8),
(4104, 'TEPETZINTLA', 30, 166, 3763, 3771, 3),
(4105, 'TEQUILA', 30, 167, 3772, 3779, 18),
(4106, 'JOSE AZUETA', 30, 168, 3780, 3798, 20),
(4107, 'TEXCATEPEC', 30, 169, 3799, 3803, 2),
(4108, 'TEXHUACAN', 30, 170, 3804, 3807, 18),
(4109, 'TEXISTEPEC', 30, 171, 3808, 3823, 21),
(4110, 'TEZONAPA', 30, 172, 3824, 3858, 18),
(4111, 'TIERRA BLANCA', 30, 173, 3859, 3925, 17),
(4112, 'TIHUATLAN', 30, 174, 3926, 3974, 5),
(4113, 'TLACOJALPAN', 30, 175, 3975, 3978, 17),
(4114, 'TLACOLULAN', 30, 176, 3979, 3984, 9),
(4115, 'TLACOTALPAN', 30, 177, 3985, 3998, 19),
(4116, 'TLACOTEPEC DE MEJIA', 30, 178, 3999, 4000, 13),
(4117, 'TLACHICHILCO', 30, 179, 4001, 4009, 2),
(4118, 'TLALIXCOYAN', 30, 180, 4010, 4036, 17),
(4119, 'TLALNELHUAYOCAN', 30, 181, 4037, 4041, 9),
(4120, 'TLAPACOYAN', 30, 182, 4042, 4073, 7),
(4121, 'TLAQUILPA', 30, 183, 4074, 4076, 18),
(4122, 'TLILAPAN', 30, 184, 4077, 4078, 18),
(4123, 'TOMATLAN', 30, 185, 4079, 4082, 15),
(4124, 'VERACRUZ', 30, 192, 4746, 4757, 4),
(4125, 'ABALA', 31, 1, 1, 6, 5),
(4126, 'ACANCEH', 31, 2, 7, 13, 2),
(4127, 'AKIL', 31, 3, 14, 19, 5),
(4128, 'BACA', 31, 4, 20, 24, 2),
(4129, 'BOKOBA', 31, 5, 25, 26, 2),
(4130, 'BUCTZOTZ', 31, 6, 27, 32, 2),
(4131, 'CACALCHEN', 31, 7, 33, 36, 2),
(4132, 'CALOTMUL', 31, 8, 37, 40, 1),
(4133, 'CANSAHCAB', 31, 9, 41, 46, 2),
(4134, 'CANTAMAYEC', 31, 10, 47, 49, 1),
(4135, 'CELESTUN', 31, 11, 50, 53, 5),
(4136, 'CENOTILLO', 31, 12, 54, 58, 1),
(4137, 'CONKAL', 31, 13, 59, 64, 2),
(4138, 'CUNCUNUL', 31, 14, 65, 66, 1),
(4139, 'CUZAMA', 31, 15, 67, 69, 5),
(4140, 'CHACSINKIN', 31, 16, 70, 70, 1),
(4141, 'CHANKOM', 31, 17, 71, 74, 1),
(4142, 'CHAPAB', 31, 18, 75, 77, 5),
(4143, 'CHEMAX', 31, 19, 78, 90, 1),
(4144, 'CHICXULUB PUEBLO', 31, 20, 91, 92, 2),
(4145, 'CHICHIMILA', 31, 21, 93, 98, 1),
(4146, 'CHIKINDZONOT', 31, 22, 99, 102, 1),
(4147, 'CHOCHOLA', 31, 23, 103, 105, 5),
(4148, 'CHUMAYEL', 31, 24, 106, 107, 5),
(4149, 'DZAN', 31, 25, 108, 109, 5),
(4150, 'DZEMUL', 31, 26, 110, 113, 2),
(4151, 'DZIDZANTUN', 31, 27, 114, 118, 2),
(4152, 'DZILAM DE BRAVO', 31, 28, 120, 121, 2),
(4153, 'DZILAM GONZALEZ', 31, 29, 122, 126, 2),
(4154, 'DZITAS', 31, 30, 127, 130, 1),
(4155, 'DZONCAUICH', 31, 31, 131, 133, 2),
(4156, 'ESPITA', 31, 32, 134, 141, 1),
(4157, 'HALACHO', 31, 33, 142, 151, 5),
(4158, 'HOCABA', 31, 34, 152, 156, 2),
(4159, 'HOCTUN', 31, 35, 157, 161, 2),
(4160, 'HOMUN', 31, 36, 162, 167, 5),
(4161, 'HUHI', 31, 37, 168, 171, 5),
(4162, 'HUNUCMA', 31, 38, 172, 186, 5),
(4163, 'IXIL', 31, 39, 187, 188, 2),
(4164, 'IZAMAL', 31, 40, 189, 203, 2),
(4165, 'KANASIN', 31, 41, 204, 223, 2),
(4166, 'KANTUNIL', 31, 42, 224, 226, 1),
(4167, 'KAUA', 31, 43, 227, 227, 1),
(4168, 'KINCHIL', 31, 44, 228, 231, 5),
(4169, 'SAMAHIL', 31, 63, 772, 774, 5),
(4170, 'SANAHCAT', 31, 64, 775, 775, 5),
(4171, 'SAN FELIPE', 31, 65, 776, 777, 1),
(4172, 'SANTA ELENA', 31, 66, 778, 780, 5),
(4173, 'SEYE', 31, 67, 781, 785, 2),
(4174, 'SINANCHE', 31, 68, 786, 788, 2),
(4175, 'SOTUTA', 31, 69, 789, 795, 1),
(4176, 'SUCILA', 31, 70, 796, 797, 1),
(4177, 'SUDZAL', 31, 71, 798, 799, 1),
(4178, 'SUMA', 31, 72, 800, 801, 2),
(4179, 'TAHDZIU', 31, 73, 802, 802, 1),
(4180, 'TAHMEK', 31, 74, 803, 804, 2),
(4181, 'TEABO', 31, 75, 805, 806, 5),
(4182, 'TECOH', 31, 76, 807, 816, 5),
(4183, 'TEKAL DE VENEGAS', 31, 77, 817, 818, 2),
(4184, 'TEKANTO', 31, 78, 819, 825, 2),
(4185, 'TEKAX', 31, 79, 826, 845, 5),
(4186, 'TEKIT', 31, 80, 846, 849, 5),
(4187, 'TEKOM', 31, 81, 851, 854, 1),
(4188, 'TELCHAC PUEBLO', 31, 82, 855, 858, 2),
(4189, 'TELCHAC PUERTO', 31, 83, 859, 860, 2),
(4190, 'TEMAX', 31, 84, 861, 866, 2),
(4191, 'TEMOZON', 31, 85, 867, 874, 1),
(4192, 'TEPAKAN', 31, 86, 875, 877, 2),
(4193, 'TETIZ', 31, 87, 878, 879, 5),
(4194, 'TEYA', 31, 88, 880, 881, 2),
(4195, 'TICUL', 31, 89, 882, 897, 5),
(4196, 'TIMUCUY', 31, 90, 898, 900, 2),
(4197, 'TINUM', 31, 91, 901, 907, 1),
(4198, 'TIXCACALCUPUL', 31, 92, 908, 911, 1),
(4199, 'TIXKOKOB', 31, 93, 912, 921, 2),
(4200, 'TIXMEHUAC', 31, 94, 922, 925, 1),
(4201, 'TIXPEHUAL', 31, 95, 926, 931, 2),
(4202, 'TIZIMIN', 31, 96, 932, 972, 1),
(4203, 'TUNKAS', 31, 97, 973, 976, 1),
(4204, 'TZUCACAB', 31, 98, 977, 984, 1),
(4205, 'UAYMA', 31, 99, 985, 987, 1),
(4206, 'UCU', 31, 100, 988, 989, 5),
(4207, 'UMAN', 31, 101, 990, 1009, 5),
(4208, 'VALLADOLID', 31, 102, 1010, 1042, 1),
(4209, 'XOCCHEL', 31, 103, 1043, 1044, 2),
(4210, 'YAXCABA', 31, 104, 1045, 1055, 1),
(4211, 'YAXKUKUL', 31, 105, 1056, 1056, 2),
(4212, 'YOBAIN', 31, 106, 1057, 1059, 2),
(4213, 'MERIDA', 31, 50, 1060, 1081, 3),
(4214, 'MONTE ESCOBEDO', 32, 31, 921, 936, 2),
(4215, 'MONTE ESCOBEDO', 32, 31, 938, 941, 2),
(4216, 'MONTE ESCOBEDO', 32, 31, 943, 944, 2),
(4217, 'MORELOS', 32, 32, 945, 953, 3),
(4218, 'MOYAHUA DE ESTRADA', 32, 33, 954, 964, 2),
(4219, 'NOCHISTLAN DE MEJIA', 32, 34, 965, 1016, 2),
(4220, 'NOCHISTLAN DE MEJIA', 32, 34, 1018, 1019, 2),
(4221, 'NORIA DE ANGELES', 32, 35, 1020, 1035, 4),
(4222, 'OJOCALIENTE', 32, 36, 1036, 1079, 4),
(4223, 'PANUCO', 32, 37, 1080, 1093, 3),
(4224, 'PINOS', 32, 38, 1094, 1191, 4),
(4225, 'RIO GRANDE', 32, 39, 1192, 1255, 3),
(4226, 'SAIN ALTO', 32, 40, 1256, 1282, 1),
(4227, 'EL SALVADOR', 32, 41, 1283, 1288, 3),
(4228, 'SOMBRERETE', 32, 42, 1289, 1383, 1),
(4229, 'SUSTICACAN', 32, 43, 1384, 1387, 2),
(4230, 'TABASCO', 32, 44, 1388, 1411, 2),
(4231, 'TEPECHITLAN', 32, 45, 1412, 1432, 2),
(4232, 'TEPETONGO', 32, 46, 1433, 1464, 2),
(4233, 'TEUL DE GONZALEZ ORTEGA', 32, 47, 1465, 1468, 2),
(4234, 'SANTA MARIA DE LA PAZ', 32, 58, 1469, 1474, 2),
(4235, 'TEUL DE GONZALEZ ORTEGA', 32, 47, 1475, 1481, 2),
(4236, 'SANTA MARIA DE LA PAZ', 32, 58, 1482, 1483, 2),
(4237, 'TEUL DE GONZALEZ ORTEGA', 32, 47, 1484, 1484, 2),
(4238, 'TLALTENANGO DE SANCHEZ ROMAN', 32, 48, 1485, 1524, 2),
(4239, 'VALPARAISO', 32, 49, 1525, 1564, 2),
(4240, 'VALPARAISO', 32, 49, 1566, 1594, 2),
(4241, 'VALPARAISO', 32, 49, 1596, 1600, 2),
(4242, 'VETAGRANDE', 32, 50, 1601, 1608, 3),
(4243, 'VILLA DE COS', 32, 51, 1609, 1658, 3),
(4244, 'VILLA GARCIA', 32, 52, 1659, 1674, 4),
(4245, 'VILLA GONZALEZ ORTEGA', 32, 53, 1675, 1686, 4),
(4246, 'VILLA HIDALGO', 32, 54, 1687, 1710, 4),
(4247, 'VILLANUEVA', 32, 55, 1711, 1767, 2),
(4248, 'VILLANUEVA', 32, 55, 1769, 1770, 2),
(4249, 'ZACATECAS', 32, 56, 1772, 1882, 3);

-- --------------------------------------------------------

--
-- Estructura de tabla para la tabla `estados`
--

CREATE TABLE IF NOT EXISTS `estados` (
  `id` int(11) NOT NULL AUTO_INCREMENT,
  `nombre` varchar(250) NOT NULL,
  PRIMARY KEY (`id`)
) ENGINE=MyISAM  DEFAULT CHARSET=latin1 AUTO_INCREMENT=39 ;

--
-- Volcado de datos para la tabla `estados`
--

INSERT INTO `estados` (`id`, `nombre`) VALUES
(1, 'Aguascalientes '),
(2, 'Baja California '),
(3, 'Baja California Sur '),
(4, 'Campeche'),
(5, 'Coahuila de Zaragoza '),
(6, 'Colima'),
(7, 'Chiapas'),
(8, 'Chihuahua'),
(9, 'Distrito Federal '),
(10, 'Durango'),
(11, 'Guanajuato'),
(12, 'Guerrero'),
(13, 'Hidalgo'),
(14, 'Jalisco'),
(15, 'México'),
(16, 'Michoacán de Ocampo '),
(17, 'Morelos'),
(18, 'Nayarit'),
(19, 'Nuevo León '),
(20, 'Oaxaca'),
(21, 'Puebla'),
(22, 'Querétaro'),
(23, 'Quintana Roo '),
(24, 'San Luis Potosí '),
(25, 'Sinaloa'),
(26, 'Sonora'),
(27, 'Tabasco'),
(28, 'Tamaulipas'),
(29, 'Tlaxcala'),
(30, 'Veracruz'),
(31, 'Yucatán'),
(32, 'Zacatecas');

-- --------------------------------------------------------

--
-- Estructura de tabla para la tabla `municipios`
--

CREATE TABLE IF NOT EXISTS `municipios` (
  `id` int(11) NOT NULL AUTO_INCREMENT,
  `nombre` varchar(250) NOT NULL,
  `estado` int(11) NOT NULL,
  PRIMARY KEY (`id`),
  KEY `estado` (`estado`)
) ENGINE=MyISAM  DEFAULT CHARSET=latin1 AUTO_INCREMENT=218 ;

--
-- Volcado de datos para la tabla `municipios`
--

INSERT INTO `municipios` (`id`, `nombre`, `estado`) VALUES
(1, 'Acajete 1', 21),
(2, 'Acateno 2', 21),
(3, 'Acatlán 3', 21),
(4, 'Acatzingo 4', 21),
(5, 'Acteopan 5', 21),
(6, 'Ahuacatlán 6', 21),
(7, 'Ahuatlán 7', 21),
(8, 'Ahuazotepec 8', 21),
(9, 'Ahuehuetitla 9', 21),
(10, 'Ajalpan 10', 21),
(11, 'Albino Zertuche 11', 21),
(12, 'Aljojuca 12', 21),
(13, 'Altepexi 13', 21),
(14, 'Amixtlán 14', 21),
(15, 'Amozoc 15', 21),
(16, 'Aquixtla 16', 21),
(17, 'Atempan 17', 21),
(18, 'Atexcal 18', 21),
(19, 'Atlequizayan 80', 21),
(20, 'Atlixco 19', 21),
(21, 'Atoyatempan 20', 21),
(22, 'Atzala 21', 21),
(23, 'Atzitzihuacán 22', 21),
(24, 'Atzitzintla 23', 21),
(25, 'Axutla 24', 21),
(26, 'Ayotoxco de Guerrero 25', 21),
(27, 'Calpan 26', 21),
(28, 'Caltepec 27', 21),
(29, 'Camocuautla 28', 21),
(30, 'Cañada Morelos 99', 21),
(31, 'Caxhuacan 29', 21),
(32, 'Chalchicomula de Sesma 45', 21),
(33, 'Chapulco 46', 21),
(34, 'Chiautla 47', 21),
(35, 'Chiautzingo 48', 21),
(36, 'Chichiquila 50', 21),
(37, 'Chiconcuautla 49', 21),
(38, 'Chietla 51', 21),
(39, 'Chigmecatitlán 52', 21),
(40, 'Chignahuapan 53', 21),
(41, 'Chignautla 54', 21),
(42, 'Chila 55', 21),
(43, 'Chila de la Sal 56', 21),
(44, 'Chilchotla 58', 21),
(45, 'Chinantla 59', 21),
(46, 'Coatepec 30', 21),
(47, 'Coatzingo 31', 21),
(48, 'Cohetzala 32', 21),
(49, 'Cohuecán 33', 21),
(50, 'Coronango 34', 21),
(51, 'Coxcatlán 35', 21),
(52, 'Coyomeapan 36', 21),
(53, 'Coyotepec 37', 21),
(54, 'Cuapiaxtla de Madero 38', 21),
(55, 'Cuautempan 39', 21),
(56, 'Cuautinchán 40', 21),
(57, 'Cuautlancingo 41', 21),
(58, 'Cuayuca de Andrade 42', 21),
(59, 'Cuetzalan del Progreso 43', 21),
(60, 'Cuyoaco 44', 21),
(61, 'Domingo Arenas 60', 21),
(62, 'Eloxochitlán 61', 21),
(63, 'Epatlán 62', 21),
(64, 'Esperanza 63', 21),
(65, 'Francisco Z. Mena 64', 21),
(66, 'General Felipe Angeles 65', 21),
(67, 'Guadalupe 66', 21),
(68, 'Guadalupe Victoria 67', 21),
(69, 'Hermenegildo Galeana 68', 21),
(70, 'Honey 57', 21),
(71, 'Huaquechula 69', 21),
(72, 'Huatlatlauca 70', 21),
(73, 'Huauchinango 71', 21),
(74, 'Huehuetla 72', 21),
(75, 'Huehuetlán el Chico 73', 21),
(76, 'Huehuetlán el Grande 150', 21),
(77, 'Huejotzingo 74', 21),
(78, 'Hueyapan 75', 21),
(79, 'Hueytamalco 76', 21),
(80, 'Hueytlalpan 77', 21),
(81, 'Huitzilan de Serdán 78', 21),
(82, 'Huitziltepec 79', 21),
(83, 'Ixcamilpa de Guerrero 81', 21),
(84, 'Ixcaquixtla 82', 21),
(85, 'Ixtacamaxtitlán 83', 21),
(86, 'Ixtepec 84', 21),
(87, 'Izúcar de Matamoros 85', 21),
(88, 'Jalpan 86', 21),
(89, 'Jolalpan 87', 21),
(90, 'Jonotla 88', 21),
(91, 'Jopala 89', 21),
(92, 'Juan C. Bonilla 90', 21),
(93, 'Juan Galindo 91', 21),
(94, 'Juan N. Méndez 92', 21),
(95, 'La Magdalena Tlatlauquitepec 95', 21),
(96, 'Lafragua 93', 21),
(97, 'Libres 94', 21),
(98, 'Los Reyes de Juárez 118', 21),
(99, 'Mazapiltepec de Juárez 96', 21),
(100, 'Mixtla 97', 21),
(101, 'Molcaxac 98', 21),
(102, 'Naupan 100', 21),
(103, 'Nauzontla 101', 21),
(104, 'Nealtican 102', 21),
(105, 'Nicolás Bravo 103', 21),
(106, 'Nopalucan 104', 21),
(107, 'Ocotepec 105', 21),
(108, 'Ocoyucan 106', 21),
(109, 'Olintla 107', 21),
(110, 'Oriental 108', 21),
(111, 'Pahuatlán 109', 21),
(112, 'Palmar de Bravo 110', 21),
(113, 'Pantepec 111', 21),
(114, 'Petlalcingo 112', 21),
(115, 'Piaxtla 113', 21),
(116, 'Puebla 114', 21),
(117, 'Quecholac 115', 21),
(118, 'Quimixtlán 116', 21),
(119, 'Rafael Lara Grajales 117', 21),
(120, 'San Andrés Cholula 119', 21),
(121, 'San Antonio Cañada 120', 21),
(122, 'San Diego la Mesa Tochimiltzingo 121', 21),
(123, 'San Felipe Teotlalcingo 122', 21),
(124, 'San Felipe Tepatlán 123', 21),
(125, 'San Gabriel Chilac 124', 21),
(126, 'San Gregorio Atzompa 125', 21),
(127, 'San Jerónimo Tecuanipan 126', 21),
(128, 'San Jerónimo Xayacatlán 127', 21),
(129, 'San José Chiapa 128', 21),
(130, 'San José Miahuatlán 129', 21),
(131, 'San Juan Atenco 130', 21),
(132, 'San Juan Atzompa 131', 21),
(133, 'San Martín Texmelucan 132', 21),
(134, 'San Martín Totoltepec 133', 21),
(135, 'San Matías Tlalancaleca 134', 21),
(136, 'San Miguel Ixitlán 135', 21),
(137, 'San Miguel Xoxtla 136', 21),
(138, 'San Nicolás Buenos Aires 137', 21),
(139, 'San Nicolás de los Ranchos 138', 21),
(140, 'San Pablo Anicano 139', 21),
(141, 'San Pedro Cholula 140', 21),
(142, 'San Pedro Yeloixtlahuaca 141', 21),
(143, 'San Salvador el Seco 142', 21),
(144, 'San Salvador el Verde 143', 21),
(145, 'San Salvador Huixcolotla 144', 21),
(146, 'San Sebastián Tlacotepec 145', 21),
(147, 'Santa Catarina Tlaltempan 146', 21),
(148, 'Santa Inés Ahuatempan 147', 21),
(149, 'Santa Isabel Cholula 148', 21),
(150, 'Santiago Miahuatlán 149', 21),
(151, 'Santo Tomás Hueyotlipan 151', 21),
(152, 'Soltepec 152', 21),
(153, 'Tecali de Herrera 153', 21),
(154, 'Tecamachalco 154', 21),
(155, 'Tecomatlán 155', 21),
(156, 'Tehuacán 156', 21),
(157, 'Tehuitzingo 157', 21),
(158, 'Tenampulco 158', 21),
(159, 'Teopantlán 159', 21),
(160, 'Teotlalco 160', 21),
(161, 'Tepanco de López 161', 21),
(162, 'Tepango de Rodríguez 162', 21),
(163, 'Tepatlaxco de Hidalgo 163', 21),
(164, 'Tepeaca 164', 21),
(165, 'Tepemaxalco 165', 21),
(166, 'Tepeojuma 166', 21),
(167, 'Tepetzintla 167', 21),
(168, 'Tepexco 168', 21),
(169, 'Tepexi de Rodríguez 169', 21),
(170, 'Tepeyahualco de Cuauhtémoc 170', 21),
(171, 'Tepeyahualco de Cuauhtémoc 171', 21),
(172, 'Tetela de Ocampo 172', 21),
(173, 'Teteles de Avila Castillo 173', 21),
(174, 'Teziutlán 174', 21),
(175, 'Tianguismanalco 175', 21),
(176, 'Tilapa 176', 21),
(177, 'Tlachichuca 179', 21),
(178, 'Tlacotepec de Benito Juárez 177', 21),
(179, 'Tlacuilotepec 178', 21),
(180, 'Tlahuapan 180', 21),
(181, 'Tlaltenango 181', 21),
(182, 'Tlanepantla 182', 21),
(183, 'Tlaola 183', 21),
(184, 'Tlapacoya 184', 21),
(185, 'Tlapanalá 185', 21),
(186, 'Tlatlauquitepec 186', 21),
(187, 'Tlaxco 187', 21),
(188, 'Tochimilco 188', 21),
(189, 'Tochtepec 189', 21),
(190, 'Totoltepec de Guerrero 190', 21),
(191, 'Tulcingo 191', 21),
(192, 'Tuzamapan de Galeana 192', 21),
(193, 'Tzicatlacoyan 193', 21),
(194, 'Venustiano Carranza 194', 21),
(195, 'Vicente Guerrero 195', 21),
(196, 'Xayacatlán de Bravo 196', 21),
(197, 'Xicotepec 197', 21),
(198, 'Xicotlán 198', 21),
(199, 'Xiutetelco 199', 21),
(200, 'Xochiapulco 200', 21),
(201, 'Xochiltepec 201', 21),
(202, 'Xochitlán de Vicente Suárez 202', 21),
(203, 'Xochitlán Todos Santos 203', 21),
(204, 'Yaonáhuac 204', 21),
(205, 'Yehualtepec 205', 21),
(206, 'Zacapala 206', 21),
(207, 'Zacapoaxtla 207', 21),
(208, 'Zacatlán 208', 21),
(209, 'Zapotitlán 209', 21),
(210, 'Zapotitlán de Méndez 209', 21),
(211, 'Zaragoza 211', 21),
(212, 'Zautla 212', 21),
(213, 'Zihuateutla 213', 21),
(214, 'Zinacatepec 214', 21),
(215, 'Zongozotla 215', 21),
(216, 'Zoquiapan 216', 21),
(217, 'Zoquitlán 217', 21);

-- --------------------------------------------------------

--
-- Estructura de tabla para la tabla `partido`
--

CREATE TABLE IF NOT EXISTS `partido` (
  `id` int(11) NOT NULL AUTO_INCREMENT,
  `nombre` varchar(200) NOT NULL,
  `foto` varchar(500) NOT NULL,
  `alianza` tinyint(1) NOT NULL,
  `activo` tinyint(1) NOT NULL,
  PRIMARY KEY (`id`)
) ENGINE=MyISAM  DEFAULT CHARSET=latin1 AUTO_INCREMENT=14 ;

--
-- Volcado de datos para la tabla `partido`
--

INSERT INTO `partido` (`id`, `nombre`, `foto`, `alianza`, `activo`) VALUES
(1, 'Partido Revolucionario Institucional (PRI)', 'http://armenianwesterproject.hol.es/images/PRI.png', 0, 1),
(2, 'Partido Revolucionario Institucional (PRI) / Partido Verde Ecologista de México', '', 1, 1),
(3, ' Partido Acción Nacional (PAN)', 'http://armenianwesterproject.hol.es/images/PAN.png', 0, 1),
(4, ' Partido Acción Nacional (PAN) / Partido de la Revolución Democrática (PRD)', '', 1, 1),
(5, 'Partido de la Revolución Democrática (PRD)', 'http://armenianwesterproject.hol.es/images/PRD.png', 0, 1),
(6, 'Movimiento Regeneración Nacional (MORENA)', 'http://armenianwesterproject.hol.es/images/MOR.png', 0, 1),
(7, 'Movimiento Regeneración Nacional (MORENA) / Movimiento Ciudadano', '', 1, 1),
(8, 'Movimiento Ciudadano', 'http://armenianwesterproject.hol.es/images/MOC.png', 0, 1),
(9, 'Nueva Alianza ', 'http://armenianwesterproject.hol.es/images/NAL.png', 0, 1),
(10, 'Partido del Trabajo (PT)', 'http://armenianwesterproject.hol.es/images/PT.png', 0, 1),
(11, 'PartidoVerde', 'https://upload.wikimedia.org/wikipedia/commons/thumb/9/96/PVE_Party_(Mexico).svg/2000px-PVE_Party_(Mexico).svg.png', 0, 1),
(12, 'Independiente', 'http://l.facebook.com/l.php?u=http%3A%2F%2Forig06.deviantart.net%2F0fa8%2Ff%2F2012%2F217%2F8%2F0%2Fanonymous_logo_plain_by_v_a_p_o_r-d59xkmc.png&h=3AQE8wgSR&s=1', 0, 1),
(13, 'PAN/Convergencia/NuevaAlianza/PRD', '', 1, 1);

-- --------------------------------------------------------

--
-- Estructura de tabla para la tabla `periodo`
--

CREATE TABLE IF NOT EXISTS `periodo` (
  `id` int(11) NOT NULL AUTO_INCREMENT,
  `inicio` int(11) NOT NULL,
  `fin` int(11) NOT NULL,
  PRIMARY KEY (`id`)
) ENGINE=MyISAM  DEFAULT CHARSET=latin1 AUTO_INCREMENT=12 ;

--
-- Volcado de datos para la tabla `periodo`
--

INSERT INTO `periodo` (`id`, `inicio`, `fin`) VALUES
(1, 1994, 2000),
(2, 2000, 2006),
(3, 2006, 2012),
(4, 2012, 2018),
(5, 2018, 2024),
(6, 2011, 2017),
(7, 10, 16),
(8, 13, 19),
(9, 15, 21),
(10, 16, 21),
(11, 13, 16);

/*!40101 SET CHARACTER_SET_CLIENT=@OLD_CHARACTER_SET_CLIENT */;
/*!40101 SET CHARACTER_SET_RESULTS=@OLD_CHARACTER_SET_RESULTS */;
/*!40101 SET COLLATION_CONNECTION=@OLD_COLLATION_CONNECTION */;
